timestamp,distance,rel_x,rel_y,vel
1746584457.244,12.4026,-11.843,3.685,0.002
1746584457.253,12.4027,-11.843,3.685,0.002
1746584457.263,12.4027,-11.843,3.685,0.004
1746584457.273,12.4027,-11.843,3.685,0.003
1746584457.284,12.4027,-11.843,3.685,0.002
1746584457.293,12.4027,-11.843,3.685,0.002
1746584457.303,12.4028,-11.843,3.685,0.002
1746584457.313,12.4028,-11.843,3.685,0.002
1746584457.324,12.4028,-11.843,3.685,0.003
1746584457.333,12.4028,-11.843,3.685,0.002
1746584457.343,12.4029,-11.843,3.685,0.004
1746584457.353,12.4029,-11.843,3.685,0.003
1746584457.363,12.4029,-11.843,3.685,0.004
1746584457.373,12.4029,-11.843,3.685,0.002
1746584457.383,12.4029,-11.843,3.685,0.003
1746584457.393,12.4030,-11.843,3.685,0.003
1746584457.403,12.4030,-11.843,3.685,0.002
1746584457.413,12.4030,-11.843,3.685,0.002
1746584457.423,12.4030,-11.843,3.685,0.004
1746584457.433,12.4031,-11.843,3.685,0.002
1746584457.443,12.4031,-11.843,3.685,0.002
1746584457.453,12.4031,-11.843,3.685,0.003
1746584457.463,12.4031,-11.843,3.685,0.003
1746584457.473,12.4031,-11.843,3.685,0.002
1746584457.483,12.4032,-11.843,3.685,0.002
1746584457.493,12.4032,-11.843,3.685,0.004
1746584457.503,12.4032,-11.843,3.685,0.003
1746584457.513,12.4032,-11.843,3.685,0.003
1746584457.523,12.4033,-11.843,3.685,0.003
1746584457.533,12.4033,-11.843,3.685,0.002
1746584457.543,12.4033,-11.843,3.685,0.001
1746584457.553,12.4033,-11.843,3.685,0.003
1746584457.563,12.4033,-11.843,3.685,0.009
1746584457.573,12.4032,-11.843,3.685,0.013
1746584457.583,12.4031,-11.843,3.685,0.018
1746584457.593,12.4029,-11.843,3.685,0.023
1746584457.603,12.4026,-11.842,3.685,0.028
1746584457.613,12.4023,-11.842,3.685,0.032
1746584457.623,12.4020,-11.842,3.685,0.036
1746584457.633,12.3999,-11.840,3.685,0.040
1746584457.643,12.3995,-11.839,3.685,0.041
1746584457.653,12.3991,-11.839,3.685,0.041
1746584457.663,12.3987,-11.838,3.685,0.040
1746584457.673,12.3983,-11.838,3.685,0.039
1746584457.683,12.3980,-11.838,3.685,0.038
1746584457.693,12.3976,-11.837,3.685,0.038
1746584457.702,12.3972,-11.837,3.685,0.038
1746584457.712,12.3969,-11.836,3.685,0.039
1746584457.723,12.3965,-11.836,3.685,0.042
1746584457.733,12.3961,-11.836,3.685,0.046
1746584457.743,12.3956,-11.835,3.685,0.051
1746584457.753,12.3951,-11.835,3.685,0.056
1746584457.763,12.3945,-11.834,3.685,0.063
1746584457.773,12.3939,-11.833,3.685,0.069
1746584457.783,12.3932,-11.833,3.685,0.075
1746584457.792,12.3925,-11.832,3.686,0.081
1746584457.802,12.3917,-11.831,3.686,0.086
1746584457.813,12.3909,-11.830,3.686,0.090
1746584457.823,12.3900,-11.829,3.686,0.093
1746584457.833,12.3891,-11.828,3.686,0.095
1746584457.843,12.3882,-11.827,3.686,0.097
1746584457.853,12.3872,-11.826,3.686,0.099
1746584457.863,12.3863,-11.825,3.686,0.100
1746584457.873,12.3853,-11.824,3.686,0.102
1746584457.882,12.3844,-11.823,3.686,0.104
1746584457.893,12.3834,-11.822,3.686,0.107
1746584457.903,12.3823,-11.821,3.686,0.111
1746584457.913,12.3813,-11.820,3.686,0.115
1746584457.923,12.3802,-11.819,3.686,0.121
1746584457.933,12.3790,-11.818,3.686,0.127
1746584457.943,12.3778,-11.816,3.686,0.133
1746584457.953,12.3765,-11.815,3.686,0.139
1746584457.962,12.3752,-11.813,3.686,0.145
1746584457.972,12.3737,-11.812,3.686,0.151
1746584457.983,12.3723,-11.810,3.686,0.156
1746584457.993,12.3708,-11.809,3.686,0.160
1746584458.003,12.3692,-11.807,3.686,0.164
1746584458.013,12.3677,-11.806,3.686,0.168
1746584458.023,12.3661,-11.804,3.686,0.171
1746584458.033,12.3644,-11.802,3.686,0.174
1746584458.043,12.3628,-11.800,3.686,0.177
1746584458.053,12.3611,-11.799,3.686,0.180
1746584458.062,12.3594,-11.797,3.686,0.184
1746584458.072,12.3576,-11.795,3.687,0.188
1746584458.083,12.3558,-11.793,3.687,0.193
1746584458.093,12.3538,-11.791,3.687,0.199
1746584458.103,12.3519,-11.789,3.687,0.204
1746584458.113,12.3500,-11.787,3.687,0.210
1746584458.123,12.3480,-11.785,3.687,0.217
1746584458.133,12.3486,-11.786,3.686,0.217
1746584458.143,12.3466,-11.783,3.687,0.223
1746584458.153,12.3444,-11.781,3.687,0.229
1746584458.163,12.3423,-11.779,3.687,0.234
1746584458.173,12.3400,-11.776,3.687,0.239
1746584458.183,12.3377,-11.774,3.687,0.243
1746584458.193,12.3354,-11.771,3.687,0.248
1746584458.203,12.3330,-11.769,3.687,0.252
1746584458.213,12.3306,-11.766,3.687,0.257
1746584458.223,12.3281,-11.764,3.687,0.261
1746584458.233,12.3259,-11.761,3.687,0.266
1746584458.243,12.3234,-11.759,3.687,0.271
1746584458.253,12.3208,-11.756,3.687,0.277
1746584458.263,12.3181,-11.753,3.688,0.283
1746584458.273,12.3154,-11.750,3.688,0.289
1746584458.283,12.3127,-11.747,3.688,0.296
1746584458.293,12.3098,-11.744,3.688,0.303
1746584458.303,12.3070,-11.741,3.688,0.310
1746584458.313,12.3040,-11.738,3.688,0.317
1746584458.323,12.3010,-11.735,3.688,0.324
1746584458.333,12.2979,-11.732,3.688,0.331
1746584458.342,12.2947,-11.728,3.688,0.338
1746584458.353,12.2915,-11.725,3.689,0.345
1746584458.363,12.2883,-11.722,3.689,0.352
1746584458.373,12.2849,-11.718,3.689,0.358
1746584458.383,12.2815,-11.714,3.689,0.365
1746584458.393,12.2778,-11.710,3.689,0.371
1746584458.403,12.2741,-11.707,3.689,0.378
1746584458.413,12.2705,-11.703,3.689,0.385
1746584458.423,12.2668,-11.699,3.689,0.392
1746584458.432,12.2631,-11.695,3.689,0.398
1746584458.443,12.2591,-11.691,3.689,0.405
1746584458.453,12.2552,-11.687,3.689,0.412
1746584458.463,12.2513,-11.683,3.690,0.420
1746584458.473,12.2473,-11.678,3.690,0.427
1746584458.483,12.2432,-11.674,3.690,0.434
1746584458.493,12.2391,-11.670,3.690,0.441
1746584458.503,12.2349,-11.665,3.690,0.448
1746584458.513,12.2306,-11.661,3.690,0.455
1746584458.523,12.2261,-11.656,3.690,0.462
1746584458.533,12.2217,-11.651,3.690,0.469
1746584458.543,12.2173,-11.647,3.690,0.476
1746584458.553,12.2127,-11.642,3.691,0.483
1746584458.563,12.2082,-11.637,3.691,0.490
1746584458.573,12.2035,-11.632,3.691,0.497
1746584458.583,12.1988,-11.627,3.691,0.504
1746584458.592,12.1940,-11.622,3.691,0.511
1746584458.602,12.1892,-11.617,3.691,0.518
1746584458.612,12.1842,-11.612,3.692,0.525
1746584458.623,12.1793,-11.606,3.692,0.533
1746584458.633,12.1701,-11.597,3.690,0.547
1746584458.643,12.1649,-11.592,3.690,0.554
1746584458.653,12.1597,-11.586,3.690,0.562
1746584458.663,12.1543,-11.581,3.690,0.570
1746584458.673,12.1489,-11.575,3.690,0.577
1746584458.682,12.1434,-11.569,3.691,0.585
1746584458.692,12.1379,-11.563,3.691,0.593
1746584458.702,12.1322,-11.557,3.691,0.600
1746584458.713,12.1265,-11.551,3.691,0.608
1746584458.723,12.1207,-11.545,3.691,0.616
1746584458.733,12.1149,-11.539,3.691,0.623
1746584458.743,12.1090,-11.533,3.692,0.631
1746584458.753,12.1029,-11.526,3.692,0.639
1746584458.762,12.0969,-11.520,3.692,0.647
1746584458.772,12.0907,-11.513,3.692,0.655
1746584458.782,12.0845,-11.507,3.692,0.663
1746584458.792,12.0782,-11.500,3.692,0.671
1746584458.803,12.0718,-11.493,3.692,0.679
1746584458.813,12.0654,-11.486,3.693,0.687
1746584458.823,12.0589,-11.480,3.693,0.696
1746584458.833,12.0523,-11.473,3.693,0.704
1746584458.843,12.0456,-11.465,3.693,0.712
1746584458.852,12.0390,-11.458,3.693,0.721
1746584458.863,12.0321,-11.451,3.694,0.729
1746584458.872,12.0252,-11.444,3.694,0.737
1746584458.882,12.0182,-11.436,3.694,0.745
1746584458.893,12.0111,-11.429,3.694,0.753
1746584458.903,12.0039,-11.421,3.694,0.761
1746584458.913,11.9966,-11.414,3.694,0.769
1746584458.923,11.9893,-11.406,3.695,0.777
1746584458.933,11.9818,-11.398,3.694,0.785
1746584458.943,11.9744,-11.390,3.695,0.793
1746584458.952,11.9669,-11.382,3.695,0.801
1746584458.963,11.9593,-11.374,3.695,0.809
1746584458.972,11.9516,-11.366,3.695,0.818
1746584458.983,11.9438,-11.358,3.695,0.826
1746584458.993,11.9360,-11.349,3.696,0.835
1746584459.003,11.9281,-11.341,3.696,0.844
1746584459.013,11.9201,-11.333,3.696,0.853
1746584459.023,11.9119,-11.324,3.696,0.861
1746584459.032,11.9037,-11.315,3.696,0.870
1746584459.043,11.8954,-11.307,3.696,0.878
1746584459.052,11.8871,-11.298,3.697,0.887
1746584459.062,11.8787,-11.289,3.697,0.895
1746584459.073,11.8702,-11.280,3.697,0.903
1746584459.083,11.8617,-11.271,3.697,0.910
1746584459.093,11.8531,-11.262,3.698,0.918
1746584459.103,11.8444,-11.252,3.698,0.927
1746584459.113,11.8356,-11.243,3.698,0.935
1746584459.123,11.8253,-11.233,3.697,0.945
1746584459.133,11.8163,-11.223,3.697,0.954
1746584459.142,11.8073,-11.213,3.697,0.963
1746584459.152,11.7982,-11.204,3.698,0.971
1746584459.163,11.7890,-11.194,3.698,0.980
1746584459.173,11.7797,-11.184,3.698,0.988
1746584459.183,11.7704,-11.174,3.698,0.997
1746584459.193,11.7610,-11.164,3.699,1.006
1746584459.203,11.7515,-11.154,3.699,1.014
1746584459.213,11.7419,-11.144,3.699,1.023
1746584459.222,11.7322,-11.134,3.699,1.031
1746584459.233,11.7225,-11.123,3.700,1.039
1746584459.242,11.7127,-11.113,3.700,1.048
1746584459.253,11.7028,-11.102,3.700,1.056
1746584459.264,11.6928,-11.092,3.701,1.064
1746584459.273,11.6828,-11.081,3.701,1.072
1746584459.283,11.6727,-11.070,3.701,1.081
1746584459.293,11.6625,-11.060,3.701,1.089
1746584459.303,11.6522,-11.049,3.702,1.097
1746584459.313,11.6418,-11.038,3.702,1.105
1746584459.322,11.6314,-11.026,3.702,1.114
1746584459.332,11.6210,-11.015,3.703,1.122
1746584459.343,11.6104,-11.004,3.703,1.130
1746584459.353,11.5997,-10.993,3.703,1.138
1746584459.363,11.5890,-10.981,3.704,1.146
1746584459.373,11.5782,-10.970,3.704,1.154
1746584459.383,11.5673,-10.958,3.704,1.162
1746584459.392,11.5563,-10.946,3.705,1.170
1746584459.402,11.5453,-10.935,3.705,1.178
1746584459.412,11.5342,-10.923,3.705,1.186
1746584459.422,11.5231,-10.911,3.705,1.194
1746584459.433,11.5118,-10.899,3.706,1.202
1746584459.443,11.5005,-10.887,3.706,1.210
1746584459.453,11.4891,-10.875,3.706,1.217
1746584459.463,11.4777,-10.863,3.707,1.225
1746584459.473,11.4661,-10.850,3.707,1.233
1746584459.483,11.4544,-10.838,3.707,1.241
1746584459.492,11.4427,-10.825,3.707,1.249
1746584459.502,11.4309,-10.813,3.708,1.257
1746584459.512,11.4191,-10.800,3.708,1.265
1746584459.523,11.4072,-10.788,3.708,1.273
1746584459.533,11.3952,-10.775,3.708,1.281
1746584459.543,11.3831,-10.762,3.709,1.288
1746584459.553,11.3710,-10.749,3.709,1.296
1746584459.563,11.3588,-10.736,3.709,1.303
1746584459.572,11.3465,-10.723,3.710,1.310
1746584459.582,11.3342,-10.710,3.710,1.317
1746584459.592,11.3218,-10.697,3.710,1.324
1746584459.602,11.3092,-10.683,3.710,1.332
1746584459.613,11.2967,-10.670,3.711,1.339
1746584459.623,11.2841,-10.656,3.711,1.345
1746584459.633,11.2715,-10.643,3.711,1.353
1746584459.643,11.2571,-10.628,3.710,1.362
1746584459.653,11.2443,-10.614,3.711,1.370
1746584459.662,11.2315,-10.601,3.711,1.377
1746584459.672,11.2185,-10.587,3.711,1.384
1746584459.682,11.2055,-10.573,3.711,1.392
1746584459.692,11.1925,-10.559,3.712,1.399
1746584459.703,11.1794,-10.545,3.712,1.407
1746584459.713,11.1662,-10.531,3.712,1.414
1746584459.723,11.1530,-10.517,3.713,1.421
1746584459.733,11.1397,-10.503,3.713,1.428
1746584459.743,11.1263,-10.488,3.714,1.435
1746584459.752,11.1129,-10.474,3.714,1.442
1746584459.762,11.0994,-10.459,3.714,1.449
1746584459.772,11.0859,-10.445,3.715,1.456
1746584459.782,11.0723,-10.430,3.715,1.463
1746584459.792,11.0586,-10.416,3.716,1.469
1746584459.803,11.0449,-10.401,3.716,1.476
1746584459.813,11.0311,-10.386,3.717,1.483
1746584459.823,11.0173,-10.371,3.717,1.491
1746584459.833,11.0033,-10.356,3.717,1.498
1746584459.842,10.9894,-10.341,3.718,1.505
1746584459.852,10.9753,-10.326,3.718,1.513
1746584459.862,10.9612,-10.311,3.719,1.521
1746584459.872,10.9470,-10.296,3.719,1.528
1746584459.883,10.9327,-10.281,3.719,1.535
1746584459.893,10.9184,-10.265,3.720,1.543
1746584459.903,10.9040,-10.250,3.720,1.550
1746584459.913,10.8896,-10.234,3.721,1.557
1746584459.923,10.8750,-10.219,3.721,1.564
1746584459.932,10.8604,-10.203,3.721,1.571
1746584459.942,10.8458,-10.187,3.722,1.578
1746584459.952,10.8311,-10.171,3.722,1.585
1746584459.962,10.8163,-10.155,3.723,1.592
1746584459.972,10.8014,-10.140,3.723,1.600
1746584459.983,10.7865,-10.124,3.723,1.606
1746584459.993,10.7716,-10.107,3.724,1.613
1746584460.003,10.7565,-10.091,3.724,1.621
1746584460.012,10.7414,-10.075,3.725,1.628
1746584460.022,10.7263,-10.059,3.725,1.635
1746584460.032,10.7111,-10.042,3.725,1.642
1746584460.042,10.6958,-10.026,3.726,1.650
1746584460.053,10.6804,-10.009,3.726,1.656
1746584460.063,10.6651,-9.993,3.727,1.663
1746584460.073,10.6496,-9.976,3.727,1.671
1746584460.083,10.6341,-9.959,3.728,1.677
1746584460.093,10.6185,-9.943,3.728,1.684
1746584460.103,10.6029,-9.926,3.728,1.691
1746584460.113,10.5872,-9.909,3.729,1.697
1746584460.123,10.5714,-9.892,3.729,1.703
1746584460.133,10.5556,-9.875,3.730,1.710
1746584460.143,10.5398,-9.858,3.730,1.717
1746584460.153,10.5239,-9.840,3.731,1.724
1746584460.163,10.5074,-9.822,3.734,1.734
1746584460.173,10.4913,-9.804,3.734,1.741
1746584460.183,10.4752,-9.787,3.735,1.748
1746584460.193,10.4590,-9.769,3.735,1.756
1746584460.203,10.4428,-9.752,3.736,1.763
1746584460.213,10.4265,-9.734,3.736,1.771
1746584460.223,10.4101,-9.716,3.737,1.778
1746584460.233,10.3937,-9.699,3.737,1.785
1746584460.243,10.3772,-9.681,3.738,1.792
1746584460.253,10.3607,-9.663,3.738,1.799
1746584460.263,10.3441,-9.645,3.739,1.805
1746584460.273,10.3275,-9.627,3.740,1.811
1746584460.283,10.3108,-9.608,3.740,1.818
1746584460.293,10.2941,-9.590,3.741,1.824
1746584460.303,10.2773,-9.572,3.741,1.830
1746584460.313,10.2604,-9.554,3.742,1.836
1746584460.323,10.2435,-9.535,3.743,1.843
1746584460.333,10.2266,-9.517,3.743,1.849
1746584460.343,10.2095,-9.498,3.744,1.855
1746584460.353,10.1925,-9.480,3.744,1.862
1746584460.363,10.1754,-9.461,3.745,1.869
1746584460.373,10.1582,-9.442,3.746,1.876
1746584460.383,10.1409,-9.424,3.746,1.883
1746584460.393,10.1236,-9.405,3.747,1.890
1746584460.403,10.1063,-9.386,3.747,1.897
1746584460.413,10.0888,-9.367,3.748,1.903
1746584460.423,10.0714,-9.348,3.748,1.909
1746584460.433,10.0538,-9.329,3.749,1.916
1746584460.442,10.0363,-9.310,3.750,1.922
1746584460.453,10.0186,-9.290,3.750,1.927
1746584460.463,10.0010,-9.271,3.751,1.934
1746584460.473,9.9833,-9.252,3.752,1.939
1746584460.483,9.9656,-9.232,3.752,1.944
1746584460.493,9.9478,-9.213,3.753,1.950
1746584460.503,9.9299,-9.193,3.753,1.956
1746584460.513,9.9120,-9.174,3.754,1.962
1746584460.523,9.8941,-9.154,3.755,1.968
1746584460.532,9.8761,-9.134,3.755,1.974
1746584460.543,9.8581,-9.115,3.756,1.981
1746584460.553,9.8400,-9.095,3.756,1.987
1746584460.563,9.8218,-9.075,3.757,1.993
1746584460.573,9.8036,-9.055,3.758,2.000
1746584460.583,9.7853,-9.035,3.758,2.007
1746584460.593,9.7669,-9.015,3.759,2.013
1746584460.603,9.7486,-8.995,3.759,2.020
1746584460.613,9.7302,-8.974,3.760,2.026
1746584460.623,9.7117,-8.954,3.761,2.033
1746584460.633,9.6933,-8.934,3.761,2.039
1746584460.643,9.6747,-8.913,3.762,2.046
1746584460.653,9.6561,-8.893,3.763,2.052
1746584460.663,9.6374,-8.872,3.763,2.058
1746584460.673,9.6161,-8.851,3.759,2.064
1746584460.683,9.5973,-8.830,3.759,2.069
1746584460.693,9.5785,-8.810,3.760,2.074
1746584460.703,9.5596,-8.789,3.761,2.079
1746584460.712,9.5407,-8.768,3.761,2.084
1746584460.723,9.5218,-8.747,3.762,2.088
1746584460.733,9.5028,-8.726,3.762,2.092
1746584460.743,9.4838,-8.705,3.763,2.096
1746584460.753,9.4648,-8.684,3.763,2.101
1746584460.763,9.4458,-8.663,3.764,2.105
1746584460.773,9.4267,-8.642,3.765,2.110
1746584460.783,9.4076,-8.621,3.765,2.115
1746584460.793,9.3884,-8.600,3.766,2.120
1746584460.802,9.3693,-8.579,3.766,2.125
1746584460.813,9.3500,-8.558,3.767,2.131
1746584460.823,9.3308,-8.536,3.768,2.137
1746584460.833,9.3114,-8.515,3.768,2.143
1746584460.842,9.2921,-8.493,3.769,2.149
1746584460.853,9.2727,-8.472,3.770,2.155
1746584460.863,9.2532,-8.450,3.770,2.161
1746584460.873,9.2337,-8.429,3.771,2.166
1746584460.883,9.2142,-8.407,3.771,2.171
1746584460.892,9.1946,-8.385,3.772,2.177
1746584460.903,9.1750,-8.363,3.773,2.182
1746584460.913,9.1553,-8.342,3.773,2.187
1746584460.923,9.1356,-8.320,3.774,2.191
1746584460.932,9.1159,-8.298,3.774,2.196
1746584460.943,9.0962,-8.276,3.775,2.200
1746584460.953,9.0764,-8.254,3.776,2.205
1746584460.963,9.0566,-8.232,3.776,2.209
1746584460.973,9.0368,-8.210,3.777,2.214
1746584460.983,9.0169,-8.188,3.777,2.218
1746584460.993,8.9970,-8.165,3.778,2.223
1746584461.003,8.9771,-8.143,3.779,2.227
1746584461.013,8.9572,-8.121,3.779,2.232
1746584461.023,8.9372,-8.098,3.780,2.237
1746584461.033,8.9172,-8.076,3.781,2.242
1746584461.043,8.8972,-8.054,3.781,2.247
1746584461.053,8.8771,-8.031,3.782,2.252
1746584461.063,8.8570,-8.009,3.783,2.257
1746584461.072,8.8369,-7.986,3.783,2.261
1746584461.083,8.8167,-7.963,3.784,2.267
1746584461.093,8.7964,-7.941,3.784,2.271
1746584461.103,8.7762,-7.918,3.785,2.276
1746584461.113,8.7560,-7.895,3.786,2.281
1746584461.123,8.7357,-7.872,3.786,2.286
1746584461.133,8.7154,-7.850,3.787,2.290
1746584461.143,8.6950,-7.827,3.788,2.295
1746584461.153,8.6746,-7.804,3.788,2.299
1746584461.163,8.6533,-7.780,3.788,2.305
1746584461.173,8.6328,-7.757,3.789,2.309
1746584461.183,8.6123,-7.734,3.790,2.314
1746584461.193,8.5918,-7.711,3.790,2.319
1746584461.203,8.5713,-7.687,3.791,2.323
1746584461.213,8.5507,-7.664,3.791,2.328
1746584461.223,8.5301,-7.641,3.792,2.333
1746584461.233,8.5095,-7.618,3.793,2.338
1746584461.243,8.4888,-7.594,3.793,2.343
1746584461.252,8.4681,-7.571,3.794,2.349
1746584461.263,8.4474,-7.547,3.794,2.354
1746584461.273,8.4266,-7.524,3.795,2.360
1746584461.283,8.4058,-7.500,3.796,2.364
1746584461.293,8.3849,-7.476,3.796,2.369
1746584461.302,8.3640,-7.453,3.797,2.374
1746584461.313,8.3432,-7.429,3.797,2.378
1746584461.323,8.3225,-7.405,3.798,2.382
1746584461.333,8.3016,-7.381,3.799,2.385
1746584461.342,8.2807,-7.357,3.800,2.389
1746584461.353,8.2597,-7.333,3.800,2.393
1746584461.363,8.2388,-7.310,3.801,2.396
1746584461.373,8.2178,-7.286,3.802,2.400
1746584461.383,8.1969,-7.262,3.802,2.403
1746584461.392,8.1759,-7.238,3.803,2.407
1746584461.403,8.1549,-7.213,3.804,2.410
1746584461.413,8.1338,-7.189,3.804,2.414
1746584461.423,8.1128,-7.165,3.805,2.418
1746584461.432,8.0918,-7.141,3.806,2.422
1746584461.443,8.0707,-7.117,3.806,2.426
1746584461.453,8.0497,-7.093,3.807,2.430
1746584461.463,8.0286,-7.068,3.808,2.433
1746584461.473,8.0075,-7.044,3.808,2.436
1746584461.483,7.9864,-7.020,3.809,2.439
1746584461.493,7.9653,-6.995,3.810,2.441
1746584461.503,7.9442,-6.971,3.811,2.443
1746584461.513,7.9231,-6.946,3.811,2.445
1746584461.523,7.9020,-6.922,3.812,2.447
1746584461.533,7.8809,-6.897,3.813,2.449
1746584461.543,7.8598,-6.873,3.813,2.451
1746584461.553,7.8388,-6.848,3.814,2.452
1746584461.563,7.8177,-6.824,3.815,2.454
1746584461.572,7.7966,-6.799,3.815,2.455
1746584461.582,7.7755,-6.775,3.816,2.457
1746584461.592,7.7545,-6.750,3.817,2.459
1746584461.602,7.7334,-6.725,3.818,2.461
1746584461.612,7.7124,-6.701,3.818,2.462
1746584461.622,7.6913,-6.676,3.819,2.464
1746584461.633,7.6703,-6.652,3.820,2.466
1746584461.642,7.6492,-6.627,3.820,2.468
1746584461.653,7.6282,-6.602,3.821,2.470
1746584461.663,7.6072,-6.577,3.822,2.471
1746584461.672,7.5862,-6.553,3.823,2.473
1746584461.682,7.5652,-6.528,3.823,2.475
1746584461.692,7.5442,-6.503,3.824,2.477
1746584461.702,7.5211,-6.476,3.825,2.483
1746584461.712,7.5001,-6.451,3.826,2.485
1746584461.722,7.4792,-6.426,3.826,2.487
1746584461.732,7.4582,-6.402,3.827,2.488
1746584461.743,7.4372,-6.377,3.827,2.491
1746584461.752,7.4163,-6.352,3.828,2.493
1746584461.762,7.3953,-6.327,3.829,2.494
1746584461.772,7.3744,-6.302,3.830,2.496
1746584461.782,7.3534,-6.277,3.830,2.498
1746584461.792,7.3324,-6.252,3.831,2.499
1746584461.803,7.3115,-6.227,3.832,2.500
1746584461.812,7.2906,-6.202,3.832,2.502
1746584461.823,7.2696,-6.177,3.833,2.504
1746584461.833,7.2487,-6.152,3.834,2.505
1746584461.843,7.2278,-6.127,3.834,2.506
1746584461.852,7.2069,-6.102,3.835,2.508
1746584461.862,7.1861,-6.077,3.836,2.510
1746584461.872,7.1652,-6.052,3.836,2.511
1746584461.882,7.1443,-6.027,3.837,2.513
1746584461.892,7.1235,-6.002,3.837,2.514
1746584461.902,7.1026,-5.976,3.838,2.515
1746584461.912,7.0818,-5.951,3.839,2.517
1746584461.923,7.0610,-5.926,3.839,2.519
1746584461.932,7.0402,-5.901,3.840,2.520
1746584461.942,7.0194,-5.876,3.840,2.521
1746584461.952,6.9987,-5.850,3.841,2.523
1746584461.962,6.9779,-5.825,3.842,2.523
1746584461.972,6.9572,-5.800,3.842,2.523
1746584461.982,6.9365,-5.775,3.843,2.524
1746584461.992,6.9159,-5.750,3.843,2.524
1746584462.002,6.8952,-5.724,3.844,2.524
1746584462.012,6.8746,-5.699,3.845,2.525
1746584462.023,6.8541,-5.674,3.845,2.526
1746584462.032,6.8335,-5.649,3.846,2.527
1746584462.042,6.8130,-5.623,3.846,2.528
1746584462.052,6.7924,-5.598,3.847,2.528
1746584462.062,6.7719,-5.573,3.847,2.530
1746584462.072,6.7514,-5.548,3.848,2.531
1746584462.082,6.7309,-5.522,3.848,2.533
1746584462.092,6.7104,-5.497,3.849,2.534
1746584462.103,6.6899,-5.472,3.849,2.536
1746584462.112,6.6695,-5.446,3.850,2.538
1746584462.122,6.6489,-5.421,3.850,2.540
1746584462.132,6.6270,-5.393,3.852,2.545
1746584462.142,6.6066,-5.367,3.852,2.546
1746584462.152,6.5862,-5.342,3.852,2.547
1746584462.162,6.5658,-5.316,3.853,2.548
1746584462.172,6.5455,-5.291,3.853,2.548
1746584462.182,6.5251,-5.266,3.854,2.548
1746584462.192,6.5048,-5.240,3.854,2.549
1746584462.202,6.4846,-5.215,3.855,2.549
1746584462.212,6.4643,-5.189,3.855,2.550
1746584462.222,6.4441,-5.164,3.855,2.551
1746584462.232,6.4239,-5.138,3.856,2.552
1746584462.242,6.4038,-5.113,3.856,2.552
1746584462.252,6.3837,-5.087,3.857,2.553
1746584462.262,6.3636,-5.061,3.857,2.554
1746584462.272,6.3435,-5.036,3.857,2.555
1746584462.282,6.3235,-5.010,3.858,2.557
1746584462.292,6.3035,-4.985,3.858,2.558
1746584462.302,6.2836,-4.959,3.859,2.559
1746584462.312,6.2637,-4.934,3.859,2.561
1746584462.322,6.2439,-4.908,3.860,2.561
1746584462.332,6.2241,-4.882,3.860,2.562
1746584462.342,6.2043,-4.857,3.861,2.563
1746584462.352,6.1845,-4.831,3.861,2.564
1746584462.362,6.1648,-4.806,3.862,2.564
1746584462.372,6.1452,-4.780,3.862,2.564
1746584462.382,6.1255,-4.754,3.862,2.565
1746584462.392,6.1059,-4.729,3.863,2.564
1746584462.402,6.0864,-4.703,3.863,2.565
1746584462.412,6.0668,-4.677,3.864,2.565
1746584462.422,6.0472,-4.652,3.864,2.565
1746584462.432,6.0278,-4.626,3.864,2.565
1746584462.442,6.0083,-4.600,3.865,2.565
1746584462.452,5.9890,-4.575,3.865,2.565
1746584462.462,5.9696,-4.549,3.865,2.565
1746584462.472,5.9503,-4.523,3.866,2.565
1746584462.482,5.9310,-4.498,3.866,2.566
1746584462.492,5.9118,-4.472,3.866,2.565
1746584462.502,5.8926,-4.447,3.867,2.566
1746584462.512,5.8735,-4.421,3.867,2.565
1746584462.522,5.8544,-4.395,3.867,2.566
1746584462.532,5.8353,-4.370,3.868,2.566
1746584462.542,5.8163,-4.344,3.868,2.567
1746584462.552,5.7973,-4.318,3.868,2.566
1746584462.562,5.7783,-4.293,3.868,2.566
1746584462.572,5.7595,-4.267,3.869,2.566
1746584462.582,5.7407,-4.241,3.869,2.565
1746584462.592,5.7222,-4.216,3.869,2.565
1746584462.602,5.7035,-4.190,3.870,2.566
1746584462.612,5.6849,-4.164,3.870,2.565
1746584462.623,5.6667,-4.137,3.873,2.568
1746584462.632,5.6482,-4.111,3.873,2.569
1746584462.642,5.6296,-4.085,3.873,2.570
1746584462.652,5.6112,-4.060,3.874,2.571
1746584462.662,5.5927,-4.034,3.874,2.572
1746584462.672,5.5743,-4.008,3.874,2.572
1746584462.682,5.5559,-3.982,3.874,2.572
1746584462.692,5.5376,-3.957,3.874,2.572
1746584462.702,5.5194,-3.931,3.874,2.571
1746584462.712,5.5012,-3.905,3.875,2.571
1746584462.722,5.4830,-3.880,3.875,2.570
1746584462.732,5.4650,-3.854,3.875,2.569
1746584462.742,5.4470,-3.828,3.875,2.568
1746584462.752,5.4290,-3.802,3.875,2.568
1746584462.762,5.4112,-3.777,3.875,2.568
1746584462.772,5.3934,-3.751,3.875,2.567
1746584462.783,5.3756,-3.725,3.875,2.566
1746584462.792,5.3580,-3.700,3.875,2.565
1746584462.802,5.3404,-3.674,3.876,2.565
1746584462.812,5.3228,-3.648,3.876,2.563
1746584462.822,5.3054,-3.623,3.876,2.563
1746584462.832,5.2880,-3.597,3.876,2.562
1746584462.842,5.2706,-3.572,3.876,2.562
1746584462.852,5.2534,-3.546,3.876,2.562
1746584462.862,5.2362,-3.520,3.876,2.561
1746584462.872,5.2191,-3.495,3.876,2.561
1746584462.882,5.2020,-3.469,3.876,2.560
1746584462.892,5.1851,-3.444,3.876,2.559
1746584462.902,5.1681,-3.418,3.876,2.559
1746584462.912,5.1513,-3.392,3.876,2.558
1746584462.922,5.1345,-3.367,3.876,2.557
1746584462.932,5.1177,-3.341,3.876,2.555
1746584462.942,5.1010,-3.316,3.876,2.554
1746584462.952,5.0844,-3.290,3.876,2.552
1746584462.962,5.0678,-3.265,3.876,2.551
1746584462.972,5.0513,-3.239,3.876,2.549
1746584462.982,5.0348,-3.214,3.876,2.548
1746584462.992,5.0185,-3.188,3.876,2.546
1746584463.002,5.0021,-3.163,3.875,2.544
1746584463.012,4.9859,-3.137,3.875,2.543
1746584463.022,4.9697,-3.112,3.875,2.541
1746584463.032,4.9536,-3.086,3.875,2.539
1746584463.042,4.9376,-3.061,3.874,2.538
1746584463.052,4.9217,-3.036,3.874,2.536
1746584463.062,4.9059,-3.010,3.874,2.535
1746584463.072,4.8901,-2.985,3.873,2.533
1746584463.082,4.8745,-2.960,3.873,2.532
1746584463.092,4.8589,-2.934,3.873,2.531
1746584463.102,4.8435,-2.909,3.873,2.530
1746584463.112,4.8281,-2.884,3.872,2.529
1746584463.122,4.8061,-2.855,3.866,2.533
1746584463.132,4.7908,-2.830,3.866,2.533
1746584463.142,4.7756,-2.804,3.865,2.531
1746584463.152,4.7604,-2.779,3.865,2.529
1746584463.162,4.7454,-2.754,3.865,2.527
1746584463.172,4.7304,-2.729,3.864,2.526
1746584463.182,4.7155,-2.703,3.864,2.524
1746584463.192,4.7007,-2.678,3.863,2.521
1746584463.202,4.6860,-2.653,3.863,2.519
1746584463.212,4.6714,-2.628,3.862,2.518
1746584463.222,4.6568,-2.602,3.862,2.516
1746584463.232,4.6423,-2.577,3.861,2.515
1746584463.242,4.6279,-2.552,3.861,2.514
1746584463.252,4.6136,-2.527,3.860,2.512
1746584463.262,4.5994,-2.502,3.859,2.511
1746584463.272,4.5852,-2.477,3.859,2.509
1746584463.282,4.5712,-2.452,3.858,2.508
1746584463.292,4.5572,-2.427,3.857,2.506
1746584463.302,4.5433,-2.402,3.857,2.505
1746584463.312,4.5295,-2.377,3.856,2.504
1746584463.322,4.5158,-2.352,3.855,2.502
1746584463.332,4.5022,-2.327,3.854,2.501
1746584463.342,4.4886,-2.302,3.854,2.500
1746584463.352,4.4752,-2.277,3.853,2.498
1746584463.362,4.4618,-2.252,3.852,2.497
1746584463.372,4.4485,-2.227,3.851,2.495
1746584463.382,4.4353,-2.202,3.850,2.494
1746584463.392,4.4222,-2.177,3.849,2.492
1746584463.402,4.4092,-2.152,3.848,2.491
1746584463.412,4.3963,-2.127,3.847,2.489
1746584463.422,4.3834,-2.102,3.846,2.488
1746584463.432,4.3707,-2.078,3.845,2.485
1746584463.442,4.3580,-2.053,3.844,2.483
1746584463.452,4.3454,-2.028,3.843,2.481
1746584463.462,4.3329,-2.003,3.842,2.479
1746584463.472,4.3205,-1.978,3.841,2.477
1746584463.482,4.3082,-1.954,3.840,2.476
1746584463.492,4.2960,-1.929,3.839,2.473
1746584463.502,4.2838,-1.904,3.837,2.471
1746584463.512,4.2718,-1.880,3.836,2.469
1746584463.522,4.2598,-1.855,3.835,2.467
1746584463.532,4.2479,-1.830,3.833,2.465
1746584463.542,4.2362,-1.806,3.832,2.463
1746584463.552,4.2245,-1.781,3.831,2.462
1746584463.562,4.2129,-1.757,3.829,2.461
1746584463.572,4.2014,-1.732,3.828,2.460
1746584463.582,4.1900,-1.707,3.826,2.459
1746584463.592,4.1788,-1.683,3.825,2.458
1746584463.602,4.1676,-1.659,3.823,2.458
1746584463.612,4.1565,-1.634,3.822,2.457
1746584463.623,4.1460,-1.608,3.821,2.458
1746584463.632,4.1351,-1.584,3.820,2.458
1746584463.642,4.1243,-1.559,3.818,2.457
1746584463.652,4.1135,-1.535,3.816,2.457
1746584463.662,4.1029,-1.510,3.815,2.457
1746584463.672,4.0924,-1.486,3.813,2.458
1746584463.682,4.0820,-1.461,3.811,2.456
1746584463.692,4.0717,-1.437,3.810,2.455
1746584463.702,4.0615,-1.412,3.808,2.454
1746584463.712,4.0514,-1.388,3.806,2.452
1746584463.722,4.0415,-1.363,3.805,2.450
1746584463.732,4.0317,-1.339,3.803,2.448
1746584463.742,4.0220,-1.315,3.801,2.446
1746584463.752,4.0124,-1.290,3.799,2.442
1746584463.762,4.0029,-1.266,3.798,2.440
1746584463.772,3.9936,-1.242,3.796,2.437
1746584463.782,3.9844,-1.217,3.794,2.434
1746584463.792,3.9753,-1.193,3.792,2.433
1746584463.802,3.9663,-1.169,3.790,2.431
1746584463.812,3.9573,-1.144,3.788,2.430
1746584463.822,3.9485,-1.120,3.786,2.428
1746584463.832,3.9398,-1.096,3.784,2.427
1746584463.842,3.9312,-1.072,3.782,2.426
1746584463.852,3.9227,-1.048,3.780,2.426
1746584463.862,3.9142,-1.024,3.778,2.424
1746584463.872,3.9059,-0.999,3.776,2.423
1746584463.882,3.8977,-0.975,3.774,2.422
1746584463.892,3.8895,-0.951,3.771,2.421
1746584463.902,3.8815,-0.927,3.769,2.419
1746584463.912,3.8736,-0.903,3.767,2.417
1746584463.922,3.8658,-0.879,3.765,2.416
1746584463.932,3.8582,-0.855,3.762,2.414
1746584463.942,3.8506,-0.831,3.760,2.413
1746584463.952,3.8432,-0.807,3.758,2.411
1746584463.962,3.8360,-0.783,3.755,2.410
1746584463.972,3.8288,-0.759,3.753,2.409
1746584463.983,3.8218,-0.735,3.750,2.408
1746584463.993,3.8149,-0.711,3.748,2.407
1746584464.002,3.8081,-0.687,3.746,2.406
1746584464.012,3.8014,-0.663,3.743,2.405
1746584464.023,3.7949,-0.639,3.741,2.405
1746584464.032,3.7886,-0.615,3.738,2.405
1746584464.042,3.7823,-0.591,3.736,2.404
1746584464.052,3.7762,-0.567,3.733,2.403
1746584464.062,3.7702,-0.544,3.731,2.403
1746584464.072,3.7643,-0.520,3.728,2.402
1746584464.082,3.7585,-0.496,3.726,2.401
1746584464.092,3.7529,-0.472,3.723,2.399
1746584464.102,3.7473,-0.448,3.720,2.399
1746584464.113,3.7419,-0.424,3.718,2.396
1746584464.123,3.7366,-0.400,3.715,2.395
1746584464.132,3.7314,-0.377,3.712,2.393
1746584464.142,3.7263,-0.353,3.710,2.393
1746584464.153,3.7214,-0.329,3.707,2.392
1746584464.162,3.7165,-0.305,3.704,2.392
1746584464.172,3.7118,-0.282,3.701,2.392
1746584464.182,3.7071,-0.258,3.698,2.393
1746584464.193,3.6973,-0.233,3.690,2.397
1746584464.202,3.6928,-0.209,3.687,2.397
1746584464.213,3.6884,-0.186,3.684,2.398
1746584464.223,3.6841,-0.162,3.681,2.399
1746584464.232,3.6799,-0.138,3.677,2.399
1746584464.243,3.6759,-0.114,3.674,2.399
1746584464.252,3.6720,-0.091,3.671,2.399
1746584464.262,3.6682,-0.067,3.668,2.399
1746584464.272,3.6645,-0.043,3.664,2.399
1746584464.282,3.6610,-0.019,3.661,2.399
1746584464.292,3.6576,0.005,3.658,2.399
1746584464.303,3.6545,0.028,3.654,2.399
1746584464.313,3.6514,0.052,3.651,2.400
1746584464.322,3.6484,0.076,3.648,2.399
1746584464.332,3.6455,0.100,3.644,2.399
1746584464.342,3.6428,0.123,3.641,2.401
1746584464.352,3.6402,0.147,3.637,2.401
1746584464.362,3.6377,0.171,3.634,2.401
1746584464.372,3.6353,0.195,3.630,2.402
1746584464.382,3.6330,0.218,3.626,2.405
1746584464.392,3.6309,0.242,3.623,2.405
1746584464.402,3.6289,0.266,3.619,2.406
1746584464.412,3.6270,0.290,3.615,2.407
1746584464.422,3.6253,0.314,3.612,2.408
1746584464.432,3.6237,0.337,3.608,2.408
1746584464.442,3.6222,0.361,3.604,2.409
1746584464.452,3.6208,0.385,3.600,2.409
1746584464.462,3.6196,0.409,3.597,2.410
1746584464.472,3.6186,0.432,3.593,2.410
1746584464.483,3.6177,0.456,3.589,2.411
1746584464.492,3.6169,0.480,3.585,2.411
1746584464.502,3.6163,0.504,3.581,2.412
1746584464.512,3.6158,0.528,3.577,2.413
1746584464.523,3.6154,0.552,3.573,2.414
1746584464.532,3.6152,0.575,3.569,2.416
1746584464.542,3.6151,0.599,3.565,2.417
1746584464.552,3.6151,0.623,3.561,2.419
1746584464.562,3.6153,0.647,3.557,2.420
1746584464.572,3.6156,0.671,3.553,2.422
1746584464.582,3.6160,0.695,3.549,2.423
1746584464.592,3.6166,0.718,3.544,2.426
1746584464.603,3.6174,0.742,3.540,2.427
1746584464.612,3.6182,0.766,3.536,2.428
1746584464.622,3.6191,0.790,3.532,2.430
1746584464.632,3.6201,0.814,3.527,2.432
1746584464.642,3.6213,0.838,3.523,2.433
1746584464.653,3.6226,0.862,3.519,2.434
1746584464.662,3.6240,0.886,3.514,2.435
1746584464.673,3.6255,0.910,3.510,2.437
1746584464.682,3.6272,0.934,3.505,2.439
1746584464.693,3.6210,0.953,3.493,2.436
1746584464.702,3.6228,0.977,3.488,2.438
1746584464.712,3.6247,1.001,3.484,2.440
1746584464.722,3.6268,1.025,3.479,2.443
1746584464.732,3.6290,1.049,3.474,2.445
1746584464.742,3.6312,1.073,3.469,2.448
1746584464.752,3.6336,1.097,3.464,2.450
1746584464.762,3.6362,1.121,3.459,2.453
1746584464.772,3.6388,1.145,3.454,2.454
1746584464.782,3.6416,1.169,3.449,2.456
1746584464.792,3.6445,1.193,3.444,2.457
1746584464.802,3.6476,1.217,3.439,2.459
1746584464.812,3.6508,1.241,3.433,2.459
1746584464.822,3.6541,1.265,3.428,2.460
1746584464.832,3.6575,1.289,3.423,2.461
1746584464.842,3.6611,1.313,3.418,2.463
1746584464.852,3.6648,1.337,3.412,2.465
1746584464.862,3.6687,1.361,3.407,2.466
1746584464.872,3.6727,1.385,3.401,2.469
1746584464.882,3.6768,1.409,3.396,2.471
1746584464.892,3.6810,1.433,3.390,2.474
1746584464.902,3.6854,1.458,3.385,2.476
1746584464.912,3.6899,1.482,3.379,2.479
1746584464.922,3.6946,1.506,3.374,2.481
1746584464.932,3.6993,1.530,3.368,2.483
1746584464.942,3.7042,1.554,3.362,2.484
1746584464.952,3.7092,1.578,3.357,2.486
1746584464.962,3.7144,1.603,3.351,2.488
1746584464.972,3.7197,1.627,3.345,2.490
1746584464.982,3.7250,1.651,3.339,2.492
1746584464.992,3.7305,1.675,3.333,2.494
1746584465.002,3.7361,1.699,3.327,2.495
1746584465.012,3.7418,1.724,3.321,2.497
1746584465.022,3.7477,1.748,3.315,2.498
1746584465.032,3.7535,1.772,3.309,2.500
1746584465.042,3.7596,1.796,3.303,2.502
1746584465.052,3.7658,1.821,3.296,2.504
1746584465.062,3.7721,1.845,3.290,2.506
1746584465.072,3.7785,1.869,3.284,2.508
1746584465.082,3.7851,1.893,3.278,2.510
1746584465.092,3.7918,1.918,3.271,2.511
1746584465.102,3.7985,1.942,3.265,2.513
1746584465.112,3.8054,1.966,3.258,2.515
1746584465.122,3.8124,1.990,3.252,2.517
1746584465.132,3.8196,2.015,3.245,2.519
1746584465.142,3.8269,2.039,3.238,2.520
1746584465.152,3.8343,2.063,3.232,2.522
1746584465.163,3.8576,2.091,3.241,2.524
1746584465.172,3.8654,2.116,3.235,2.527
1746584465.182,3.8734,2.140,3.228,2.528
1746584465.193,3.8816,2.165,3.222,2.530
1746584465.202,3.8898,2.189,3.215,2.532
1746584465.213,3.8982,2.214,3.209,2.534
1746584465.223,3.9067,2.238,3.202,2.536
1746584465.233,3.9153,2.263,3.195,2.539
1746584465.242,3.9240,2.287,3.189,2.542
1746584465.252,3.9329,2.312,3.182,2.544
1746584465.262,3.9418,2.336,3.175,2.546
1746584465.272,3.9509,2.361,3.168,2.548
1746584465.282,3.9602,2.385,3.161,2.550
1746584465.292,3.9695,2.410,3.154,2.552
1746584465.302,3.9789,2.434,3.147,2.553
1746584465.312,3.9885,2.459,3.140,2.554
1746584465.322,3.9981,2.483,3.133,2.554
1746584465.332,4.0079,2.508,3.126,2.555
1746584465.342,4.0177,2.532,3.119,2.556
1746584465.352,4.0280,2.557,3.112,2.557
1746584465.362,4.0380,2.582,3.105,2.559
1746584465.372,4.0481,2.606,3.098,2.561
1746584465.382,4.0583,2.631,3.090,2.562
1746584465.392,4.0685,2.655,3.083,2.564
1746584465.402,4.0789,2.680,3.075,2.566
1746584465.412,4.0893,2.704,3.068,2.569
1746584465.422,4.0999,2.729,3.060,2.572
1746584465.432,4.1106,2.753,3.052,2.574
1746584465.442,4.1214,2.778,3.045,2.576
1746584465.452,4.1324,2.802,3.037,2.578
1746584465.462,4.1434,2.827,3.029,2.580
1746584465.472,4.1546,2.852,3.021,2.582
1746584465.483,4.1659,2.876,3.014,2.584
1746584465.492,4.1774,2.901,3.006,2.585
1746584465.502,4.1889,2.926,2.998,2.587
1746584465.512,4.2005,2.950,2.990,2.588
1746584465.522,4.2122,2.975,2.982,2.589
1746584465.532,4.2240,2.999,2.974,2.590
1746584465.542,4.2359,3.024,2.966,2.591
1746584465.552,4.2479,3.049,2.958,2.592
1746584465.562,4.2600,3.073,2.950,2.594
1746584465.572,4.2723,3.098,2.942,2.595
1746584465.582,4.2846,3.123,2.934,2.597
1746584465.592,4.2970,3.147,2.925,2.598
1746584465.602,4.3096,3.172,2.917,2.600
1746584465.612,4.3222,3.197,2.909,2.602
1746584465.622,4.3349,3.221,2.901,2.603
1746584465.632,4.3459,3.246,2.890,2.606
1746584465.642,4.3588,3.270,2.882,2.608
1746584465.652,4.3718,3.295,2.873,2.611
1746584465.662,4.3849,3.320,2.865,2.613
1746584465.672,4.3981,3.344,2.856,2.615
1746584465.682,4.4115,3.369,2.848,2.616
1746584465.692,4.4249,3.394,2.839,2.619
1746584465.702,4.4384,3.419,2.831,2.621
1746584465.712,4.4520,3.443,2.822,2.623
1746584465.722,4.4657,3.468,2.813,2.624
1746584465.732,4.4795,3.493,2.805,2.627
1746584465.742,4.4934,3.518,2.796,2.628
1746584465.752,4.5074,3.542,2.787,2.631
1746584465.762,4.5215,3.567,2.778,2.632
1746584465.772,4.5357,3.592,2.769,2.635
1746584465.782,4.5500,3.617,2.760,2.636
1746584465.792,4.5643,3.642,2.752,2.639
1746584465.802,4.5788,3.667,2.743,2.641
1746584465.812,4.5934,3.691,2.734,2.642
1746584465.822,4.6080,3.716,2.725,2.644
1746584465.832,4.6228,3.741,2.716,2.645
1746584465.842,4.6377,3.766,2.707,2.647
1746584465.852,4.6526,3.791,2.698,2.647
1746584465.862,4.6677,3.816,2.688,2.648
1746584465.872,4.6828,3.841,2.679,2.649
1746584465.882,4.6981,3.865,2.670,2.649
1746584465.892,4.7134,3.890,2.661,2.649
1746584465.902,4.7288,3.915,2.652,2.649
1746584465.912,4.7443,3.940,2.643,2.650
1746584465.922,4.7598,3.965,2.634,2.650
1746584465.932,4.7755,3.990,2.624,2.651
1746584465.942,4.7912,4.015,2.615,2.651
1746584465.952,4.8070,4.039,2.606,2.652
1746584465.962,4.8227,4.064,2.597,2.653
1746584465.972,4.8387,4.089,2.587,2.654
1746584465.982,4.8547,4.114,2.578,2.655
1746584465.992,4.8709,4.139,2.568,2.656
1746584466.002,4.8871,4.164,2.559,2.658
1746584466.012,4.9034,4.188,2.550,2.659
1746584466.022,4.9198,4.213,2.540,2.661
1746584466.032,4.9362,4.238,2.531,2.662
1746584466.042,4.9528,4.263,2.521,2.664
1746584466.052,4.9695,4.288,2.512,2.665
1746584466.061,4.9864,4.313,2.503,2.666
1746584466.072,5.0033,4.338,2.493,2.667
1746584466.082,5.0202,4.363,2.484,2.667
1746584466.092,5.0373,4.388,2.474,2.667
1746584466.102,5.0544,4.413,2.465,2.668
1746584466.112,5.0716,4.438,2.455,2.668
1746584466.122,5.0888,4.463,2.446,2.668
1746584466.132,5.1062,4.487,2.436,2.669
1746584466.142,5.1237,4.512,2.427,2.669
1746584466.152,5.1380,4.535,2.414,2.669
1746584466.162,5.1556,4.560,2.405,2.669
1746584466.172,5.1732,4.585,2.395,2.669
1746584466.182,5.1909,4.610,2.386,2.669
1746584466.192,5.2088,4.635,2.376,2.670
1746584466.202,5.2266,4.660,2.367,2.670
1746584466.212,5.2446,4.685,2.357,2.670
1746584466.222,5.2626,4.710,2.348,2.670
1746584466.232,5.2807,4.735,2.338,2.670
1746584466.242,5.2988,4.760,2.329,2.670
1746584466.252,5.3170,4.785,2.319,2.669
1746584466.262,5.3353,4.810,2.309,2.670
1746584466.272,5.3536,4.834,2.300,2.669
1746584466.282,5.3721,4.859,2.290,2.669
1746584466.292,5.3906,4.884,2.281,2.670
1746584466.302,5.4092,4.909,2.271,2.670
1746584466.312,5.4279,4.934,2.262,2.670
1746584466.322,5.4466,4.959,2.252,2.671
1746584466.332,5.4655,4.984,2.243,2.671
1746584466.341,5.4844,5.009,2.233,2.672
1746584466.352,5.5035,5.034,2.224,2.672
1746584466.362,5.5226,5.059,2.214,2.673
1746584466.372,5.5418,5.084,2.205,2.673
1746584466.382,5.5611,5.109,2.196,2.673
1746584466.392,5.5805,5.134,2.186,2.673
1746584466.402,5.5999,5.159,2.177,2.673
1746584466.411,5.6195,5.184,2.168,2.673
1746584466.421,5.6390,5.210,2.159,2.673
1746584466.431,5.6587,5.235,2.149,2.672
1746584466.442,5.6784,5.260,2.140,2.672
1746584466.452,5.6982,5.285,2.131,2.672
1746584466.462,5.7181,5.310,2.122,2.672
1746584466.472,5.7380,5.335,2.113,2.673
1746584466.482,5.7580,5.360,2.103,2.673
1746584466.492,5.7781,5.385,2.094,2.674
1746584466.502,5.7983,5.410,2.085,2.675
1746584466.511,5.8186,5.436,2.076,2.675
1746584466.522,5.8389,5.461,2.067,2.676
1746584466.532,5.8593,5.486,2.058,2.677
1746584466.542,5.8798,5.511,2.049,2.678
1746584466.552,5.9004,5.536,2.040,2.678
1746584466.562,5.9210,5.562,2.031,2.679
1746584466.572,5.9417,5.587,2.022,2.678
1746584466.582,5.9625,5.612,2.014,2.679
1746584466.591,5.9833,5.637,2.005,2.678
1746584466.601,6.0042,5.663,1.996,2.678
1746584466.612,6.0252,5.688,1.987,2.679
1746584466.622,6.0462,5.713,1.978,2.679
1746584466.632,6.0746,5.745,1.975,2.687
1746584466.642,6.0959,5.770,1.966,2.687
1746584466.652,6.1172,5.796,1.957,2.689
1746584466.662,6.1386,5.821,1.949,2.690
1746584466.672,6.1601,5.847,1.940,2.691
1746584466.682,6.1816,5.872,1.931,2.692
1746584466.691,6.2032,5.898,1.923,2.694
1746584466.702,6.2249,5.923,1.914,2.695
1746584466.712,6.2466,5.949,1.906,2.696
1746584466.722,6.2684,5.974,1.897,2.698
1746584466.732,6.2903,6.000,1.889,2.698
1746584466.742,6.3122,6.026,1.880,2.699
1746584466.752,6.3342,6.051,1.872,2.699
1746584466.762,6.3563,6.077,1.864,2.700
1746584466.771,6.3784,6.103,1.855,2.700
1746584466.782,6.4005,6.128,1.847,2.700
1746584466.792,6.4227,6.154,1.838,2.700
1746584466.802,6.4450,6.180,1.830,2.700
1746584466.812,6.4673,6.205,1.822,2.701
1746584466.822,6.4896,6.231,1.814,2.701
1746584466.832,6.5120,6.257,1.805,2.703
1746584466.842,6.5345,6.283,1.797,2.703
1746584466.852,6.5570,6.308,1.789,2.705
1746584466.862,6.5796,6.334,1.781,2.706
1746584466.871,6.6022,6.360,1.772,2.708
1746584466.881,6.6249,6.386,1.764,2.710
1746584466.892,6.6476,6.412,1.756,2.712
1746584466.902,6.6704,6.437,1.748,2.714
1746584466.912,6.6933,6.463,1.740,2.715
1746584466.922,6.7163,6.489,1.732,2.716
1746584466.932,6.7393,6.515,1.724,2.717
1746584466.941,6.7623,6.541,1.715,2.718
1746584466.951,6.7854,6.567,1.707,2.718
1746584466.961,6.8086,6.593,1.699,2.720
1746584466.971,6.8318,6.619,1.692,2.720
1746584466.982,6.8551,6.645,1.684,2.721
1746584466.992,6.8784,6.671,1.676,2.723
1746584467.002,6.9018,6.697,1.668,2.725
1746584467.012,6.9252,6.723,1.660,2.726
1746584467.022,6.9487,6.749,1.652,2.727
1746584467.032,6.9723,6.776,1.644,2.730
1746584467.042,6.9958,6.802,1.637,2.731
1746584467.052,7.0195,6.828,1.629,2.733
1746584467.062,7.0432,6.854,1.621,2.735
1746584467.072,7.0670,6.880,1.613,2.736
1746584467.082,7.0908,6.907,1.605,2.738
1746584467.092,7.1146,6.933,1.598,2.738
1746584467.102,7.1385,6.959,1.590,2.739
1746584467.112,7.1625,6.985,1.582,2.740
1746584467.122,7.1865,7.012,1.575,2.741
1746584467.132,7.2106,7.038,1.567,2.741
1746584467.142,7.2347,7.065,1.560,2.741
1746584467.153,7.2564,7.090,1.544,2.745
1746584467.162,7.2806,7.117,1.536,2.746
1746584467.172,7.3049,7.143,1.529,2.748
1746584467.182,7.3292,7.170,1.521,2.749
1746584467.192,7.3536,7.196,1.514,2.752
1746584467.202,7.3780,7.223,1.506,2.753
1746584467.212,7.4025,7.249,1.499,2.756
1746584467.222,7.4271,7.276,1.492,2.758
1746584467.232,7.4517,7.302,1.484,2.760
1746584467.242,7.4763,7.329,1.477,2.761
1746584467.252,7.5010,7.356,1.470,2.763
1746584467.262,7.5258,7.382,1.463,2.764
1746584467.272,7.5506,7.409,1.456,2.765
1746584467.283,7.5754,7.436,1.448,2.766
1746584467.292,7.6003,7.462,1.441,2.766
1746584467.302,7.6252,7.489,1.434,2.767
1746584467.312,7.6502,7.516,1.427,2.767
1746584467.322,7.6752,7.543,1.420,2.768
1746584467.332,7.7002,7.569,1.413,2.769
1746584467.342,7.7253,7.596,1.406,2.770
1746584467.352,7.7504,7.623,1.399,2.772
1746584467.362,7.7756,7.650,1.392,2.773
1746584467.372,7.8008,7.677,1.385,2.776
1746584467.382,7.8261,7.704,1.379,2.778
1746584467.392,7.8514,7.731,1.372,2.780
1746584467.402,7.8768,7.758,1.365,2.782
1746584467.412,7.9023,7.785,1.358,2.784
1746584467.422,7.9278,7.812,1.352,2.786
1746584467.432,7.9533,7.839,1.345,2.787
1746584467.442,7.9789,7.866,1.338,2.789
1746584467.452,8.0045,7.893,1.332,2.790
1746584467.462,8.0302,7.920,1.325,2.791
1746584467.472,8.0559,7.947,1.319,2.792
1746584467.482,8.0816,7.974,1.312,2.793
1746584467.492,8.1074,8.002,1.306,2.794
1746584467.502,8.1332,8.029,1.299,2.794
1746584467.512,8.1591,8.056,1.293,2.795
1746584467.522,8.1850,8.083,1.287,2.796
1746584467.532,8.2109,8.110,1.280,2.797
1746584467.542,8.2369,8.138,1.274,2.798
1746584467.552,8.2629,8.165,1.268,2.800
1746584467.562,8.2890,8.192,1.262,2.801
1746584467.572,8.3151,8.220,1.256,2.802
1746584467.582,8.3412,8.247,1.250,2.803
1746584467.592,8.3673,8.274,1.244,2.805
1746584467.602,8.3936,8.302,1.238,2.806
1746584467.612,8.4198,8.329,1.232,2.808
1746584467.622,8.4461,8.357,1.226,2.809
1746584467.632,8.4724,8.384,1.220,2.811
1746584467.642,8.4988,8.412,1.214,2.814
1746584467.652,8.5252,8.439,1.208,2.815
1746584467.663,8.5516,8.467,1.202,2.817
1746584467.673,8.5839,8.500,1.198,2.825
1746584467.682,8.6105,8.528,1.192,2.827
1746584467.692,8.6371,8.555,1.187,2.829
1746584467.702,8.6638,8.583,1.181,2.831
1746584467.712,8.6907,8.611,1.176,2.833
1746584467.722,8.7175,8.639,1.170,2.834
1746584467.732,8.7443,8.666,1.164,2.835
1746584467.742,8.7711,8.694,1.159,2.837
1746584467.752,8.7980,8.722,1.153,2.838
1746584467.762,8.8249,8.750,1.148,2.839
1746584467.772,8.8518,8.778,1.142,2.841
1746584467.782,8.8788,8.806,1.137,2.843
1746584467.792,8.9058,8.834,1.132,2.844
1746584467.802,8.9329,8.862,1.126,2.845
1746584467.812,8.9600,8.890,1.121,2.846
1746584467.822,8.9871,8.918,1.116,2.847
1746584467.832,9.0143,8.946,1.111,2.847
1746584467.842,9.0415,8.974,1.106,2.848
1746584467.852,9.0687,9.002,1.101,2.849
1746584467.862,9.0960,9.030,1.096,2.851
1746584467.871,9.1233,9.058,1.091,2.852
1746584467.882,9.1507,9.086,1.086,2.853
1746584467.892,9.1781,9.114,1.081,2.855
1746584467.903,9.2055,9.142,1.077,2.857
1746584467.912,9.2329,9.170,1.072,2.859
1746584467.922,9.2603,9.199,1.067,2.861
1746584467.932,9.2878,9.227,1.062,2.864
1746584467.942,9.3154,9.255,1.057,2.866
1746584467.952,9.3429,9.283,1.053,2.868
1746584467.962,9.3705,9.312,1.048,2.870
1746584467.972,9.3981,9.340,1.043,2.873
1746584467.982,9.4258,9.368,1.039,2.874
1746584467.992,9.4535,9.397,1.034,2.876
1746584468.002,9.4812,9.425,1.029,2.878
1746584468.012,9.5089,9.454,1.025,2.878
1746584468.022,9.5367,9.482,1.020,2.881
1746584468.032,9.5645,9.510,1.016,2.881
1746584468.042,9.5924,9.539,1.011,2.883
1746584468.052,9.6202,9.567,1.007,2.884
1746584468.062,9.6481,9.596,1.002,2.885
1746584468.072,9.6760,9.624,0.998,2.887
1746584468.083,9.7039,9.653,0.993,2.888
1746584468.092,9.7319,9.682,0.989,2.889
1746584468.102,9.7599,9.710,0.985,2.891
1746584468.112,9.7879,9.739,0.980,2.892
1746584468.122,9.8160,9.767,0.976,2.894
1746584468.132,9.8441,9.796,0.972,2.895
1746584468.142,9.8722,9.825,0.968,2.896
1746584468.152,9.9003,9.853,0.964,2.897
1746584468.162,9.9285,9.882,0.960,2.899
1746584468.172,9.9567,9.911,0.956,2.900
1746584468.182,9.9849,9.939,0.952,2.902
1746584468.192,10.0132,9.968,0.948,2.903
1746584468.202,10.0414,9.997,0.944,2.905
1746584468.212,10.0721,10.028,0.943,2.909
1746584468.222,10.1005,10.057,0.939,2.911
1746584468.232,10.1289,10.086,0.936,2.913
1746584468.242,10.1573,10.114,0.932,2.915
1746584468.252,10.1858,10.143,0.928,2.918
1746584468.262,10.2143,10.172,0.925,2.920
1746584468.272,10.2429,10.201,0.921,2.922
1746584468.282,10.2714,10.230,0.918,2.924
1746584468.292,10.3000,10.259,0.914,2.926
1746584468.302,10.3287,10.288,0.911,2.927
1746584468.312,10.3573,10.318,0.907,2.929
1746584468.322,10.3860,10.347,0.904,2.930
1746584468.332,10.4147,10.376,0.900,2.932
1746584468.342,10.4434,10.405,0.897,2.932
1746584468.352,10.4722,10.434,0.894,2.934
1746584468.362,10.5010,10.463,0.890,2.935
1746584468.372,10.5297,10.492,0.887,2.935
1746584468.381,10.5585,10.521,0.884,2.937
1746584468.392,10.5874,10.551,0.880,2.938
1746584468.402,10.6162,10.580,0.877,2.939
1746584468.411,10.6451,10.609,0.874,2.940
1746584468.422,10.6739,10.638,0.871,2.942
1746584468.432,10.7029,10.668,0.868,2.943
1746584468.442,10.7318,10.697,0.865,2.945
1746584468.452,10.7608,10.726,0.862,2.947
1746584468.461,10.7898,10.756,0.859,2.949
1746584468.472,10.8188,10.785,0.856,2.951
1746584468.482,10.8479,10.814,0.853,2.954
1746584468.492,10.8770,10.844,0.850,2.957
1746584468.502,10.9061,10.873,0.848,2.958
1746584468.511,10.9353,10.903,0.845,2.961
1746584468.522,10.9645,10.932,0.842,2.963
1746584468.531,10.9937,10.962,0.839,2.965
1746584468.541,11.0230,10.991,0.837,2.967
1746584468.552,11.0523,11.021,0.834,2.968
1746584468.562,11.0813,11.050,0.832,2.971
1746584468.572,11.1106,11.080,0.829,2.973
1746584468.582,11.1400,11.109,0.826,2.974
1746584468.592,11.1693,11.139,0.824,2.976
1746584468.602,11.1987,11.169,0.821,2.978
1746584468.611,11.2281,11.198,0.819,2.980
1746584468.621,11.2576,11.228,0.816,2.982
1746584468.631,11.2870,11.258,0.814,2.983
1746584468.642,11.3147,11.285,0.814,2.983
1746584468.652,11.3442,11.315,0.812,2.984
1746584468.662,11.3737,11.345,0.810,2.986
1746584468.671,11.4032,11.375,0.807,2.988
1746584468.681,11.4328,11.404,0.805,2.990
1746584468.691,11.4624,11.434,0.803,2.991
1746584468.701,11.4920,11.464,0.801,2.993
1746584468.711,11.5216,11.494,0.798,2.994
1746584468.721,11.5513,11.524,0.796,2.996
1746584468.731,11.5810,11.554,0.794,2.997
1746584468.741,11.6107,11.584,0.792,2.999
1746584468.752,11.6404,11.614,0.790,3.001
1746584468.761,11.6701,11.643,0.788,3.003
1746584468.771,11.6999,11.673,0.786,3.005
1746584468.781,11.7297,11.703,0.784,3.006
1746584468.791,11.7595,11.733,0.782,3.009
1746584468.801,11.7893,11.763,0.780,3.010
1746584468.811,11.8192,11.794,0.778,3.011
1746584468.821,11.8491,11.824,0.776,3.014
1746584468.831,11.8790,11.854,0.774,3.015
1746584468.842,11.9089,11.884,0.773,3.017
1746584468.852,11.9388,11.914,0.771,3.019
1746584468.861,11.9688,11.944,0.769,3.021
1746584468.871,11.9988,11.974,0.767,3.022
1746584468.881,12.0288,12.004,0.766,3.023
1746584468.891,12.0588,12.035,0.764,3.025
1746584468.901,12.0889,12.065,0.762,3.027
1746584468.911,12.1189,12.095,0.761,3.029
1746584468.921,12.1490,12.125,0.759,3.031
1746584468.932,12.1792,12.156,0.757,3.032
1746584468.941,12.2093,12.186,0.756,3.034
1746584468.951,12.2395,12.216,0.755,3.035
1746584468.961,12.2697,12.247,0.753,3.037
1746584468.971,12.2999,12.277,0.752,3.039
1746584468.981,12.3301,12.307,0.750,3.040
1746584468.991,12.3603,12.338,0.749,3.042
1746584469.001,12.3906,12.368,0.748,3.043
1746584469.012,12.4209,12.398,0.747,3.045
1746584469.022,12.4512,12.429,0.745,3.046
1746584469.031,12.4815,12.459,0.744,3.048
1746584469.041,12.5119,12.490,0.743,3.050
1746584469.051,12.5422,12.520,0.742,3.051
1746584469.061,12.5726,12.551,0.741,3.053
1746584469.071,12.6030,12.581,0.739,3.054
1746584469.081,12.6334,12.612,0.738,3.055
1746584469.091,12.6638,12.642,0.737,3.056
1746584469.102,12.6943,12.673,0.736,3.057
1746584469.112,12.7247,12.703,0.735,3.058
1746584469.122,12.7549,12.734,0.731,3.060
1746584469.131,12.7854,12.765,0.730,3.061
1746584469.141,12.8159,12.795,0.729,3.062
1746584469.151,12.8464,12.826,0.728,3.064
1746584469.161,12.8769,12.856,0.727,3.065
1746584469.171,12.9074,12.887,0.726,3.067
1746584469.181,12.9380,12.918,0.725,3.070
1746584469.192,12.9686,12.948,0.724,3.071
1746584469.202,12.9992,12.979,0.723,3.073
1746584469.211,13.0299,13.010,0.723,3.075
1746584469.221,13.0606,13.041,0.722,3.077
1746584469.231,13.0912,13.071,0.721,3.078
1746584469.241,13.1219,13.102,0.720,3.081
1746584469.251,13.1527,13.133,0.720,3.083
1746584469.261,13.1834,13.164,0.719,3.085
1746584469.271,13.2142,13.195,0.719,3.087
1746584469.281,13.2450,13.226,0.718,3.089
1746584469.292,13.2758,13.256,0.717,3.090
1746584469.302,13.3066,13.287,0.717,3.091
1746584469.311,13.3375,13.318,0.716,3.093
1746584469.321,13.3683,13.349,0.716,3.094
1746584469.331,13.3992,13.380,0.715,3.094
1746584469.341,13.4301,13.411,0.715,3.096
1746584469.351,13.4609,13.442,0.715,3.096
1746584469.361,13.4918,13.473,0.714,3.097
1746584469.371,13.5228,13.504,0.714,3.098
1746584469.381,13.5537,13.535,0.713,3.097
1746584469.391,13.5846,13.566,0.713,3.098
1746584469.402,13.6155,13.597,0.713,3.098
1746584469.411,13.6464,13.628,0.712,3.097
1746584469.421,13.6773,13.659,0.712,3.097
1746584469.431,13.7082,13.690,0.712,3.096
1746584469.441,13.7391,13.721,0.711,3.096
1746584469.451,13.7700,13.752,0.711,3.096
1746584469.461,13.8010,13.783,0.711,3.097
1746584469.472,13.8319,13.814,0.711,3.097
1746584469.482,13.8628,13.845,0.710,3.098
1746584469.491,13.8937,13.876,0.710,3.098
1746584469.501,13.9247,13.907,0.710,3.099
1746584469.511,13.9556,13.938,0.710,3.099
1746584469.521,13.9866,13.969,0.710,3.100
1746584469.531,14.0175,14.000,0.710,3.100
1746584469.541,14.0485,14.031,0.710,3.101
1746584469.551,14.0794,14.062,0.710,3.101
1746584469.562,14.1104,14.093,0.710,3.100
1746584469.571,14.1414,14.124,0.710,3.100
1746584469.581,14.1723,14.155,0.710,3.100
1746584469.591,14.2033,14.186,0.710,3.100
1746584469.601,14.2343,14.217,0.710,3.099
1746584469.611,14.2652,14.248,0.711,3.099
1746584469.621,14.2961,14.278,0.714,3.099
1746584469.631,14.3271,14.309,0.714,3.099
1746584469.641,14.3581,14.340,0.714,3.099
1746584469.651,14.3890,14.371,0.714,3.099
1746584469.661,14.4200,14.402,0.715,3.099
1746584469.671,14.4510,14.433,0.715,3.099
1746584469.681,14.4819,14.464,0.715,3.099
1746584469.691,14.5129,14.495,0.716,3.099
1746584469.701,14.5439,14.526,0.716,3.099
1746584469.711,14.5748,14.557,0.716,3.100
1746584469.722,14.6058,14.588,0.717,3.101
1746584469.731,14.6368,14.619,0.717,3.101
1746584469.742,14.6678,14.650,0.717,3.101
1746584469.751,14.6988,14.681,0.718,3.102
1746584469.761,14.7298,14.712,0.718,3.102
1746584469.771,14.7608,14.743,0.718,3.102
1746584469.781,14.7918,14.774,0.719,3.101
1746584469.791,14.8228,14.805,0.719,3.101
1746584469.801,14.8537,14.836,0.719,3.101
1746584469.812,14.8847,14.867,0.720,3.099
1746584469.822,14.9157,14.898,0.720,3.099
1746584469.832,14.9466,14.929,0.720,3.097
1746584469.841,14.9776,14.960,0.721,3.095
1746584469.851,15.0085,14.991,0.721,3.093
1746584469.861,15.0394,15.022,0.721,3.092
1746584469.871,15.0703,15.053,0.721,3.090
1746584469.881,15.1012,15.084,0.722,3.089
1746584469.891,15.1320,15.115,0.722,3.088
1746584469.901,15.1629,15.146,0.723,3.087
1746584469.912,15.1937,15.177,0.723,3.088
1746584469.921,15.2246,15.207,0.723,3.087
1746584469.931,15.2554,15.238,0.724,3.087
1746584469.941,15.2863,15.269,0.724,3.088
1746584469.951,15.3172,15.300,0.725,3.088
1746584469.961,15.3480,15.331,0.725,3.087
1746584469.971,15.3789,15.362,0.725,3.087
1746584469.981,15.4097,15.393,0.726,3.086
1746584469.991,15.4406,15.423,0.726,3.086
1746584470.001,15.4715,15.454,0.727,3.084
1746584470.011,15.5023,15.485,0.727,3.083
1746584470.022,15.5331,15.516,0.728,3.081
1746584470.032,15.5639,15.547,0.728,3.079
1746584470.042,15.5946,15.578,0.729,3.078
1746584470.051,15.6253,15.608,0.729,3.075
1746584470.061,15.6561,15.639,0.730,3.074
1746584470.072,15.6868,15.670,0.730,3.072
1746584470.082,15.7175,15.701,0.731,3.070
1746584470.091,15.7482,15.731,0.731,3.069
1746584470.101,15.7788,15.762,0.732,3.067
1746584470.112,15.8095,15.793,0.732,3.066
1746584470.122,15.8401,15.823,0.733,3.064
1746584470.132,15.8708,15.854,0.733,3.063
1746584470.141,15.9014,15.884,0.734,3.061
1746584470.152,15.9319,15.915,0.734,3.059
1746584470.162,15.9625,15.946,0.735,3.057
1746584470.172,15.9931,15.976,0.735,3.054
1746584470.181,16.0236,16.007,0.736,3.053
1746584470.194,16.0556,16.039,0.728,3.052
1746584470.202,16.0861,16.070,0.729,3.049
1746584470.212,16.1165,16.100,0.729,3.048
1746584470.222,16.1470,16.130,0.729,3.045
1746584470.232,16.1774,16.161,0.730,3.043
1746584470.242,16.2078,16.191,0.730,3.040
1746584470.252,16.2382,16.222,0.731,3.038
1746584470.262,16.2685,16.252,0.731,3.034
1746584470.271,16.2988,16.282,0.732,3.032
1746584470.281,16.3291,16.313,0.732,3.029
1746584470.292,16.3594,16.343,0.733,3.027
1746584470.302,16.3896,16.373,0.734,3.024
1746584470.312,16.4199,16.403,0.734,3.022
1746584470.321,16.4500,16.434,0.735,3.021
1746584470.332,16.4802,16.464,0.735,3.019
1746584470.342,16.5104,16.494,0.736,3.018
1746584470.352,16.5406,16.524,0.736,3.016
1746584470.361,16.5707,16.554,0.737,3.016
1746584470.372,16.6009,16.584,0.738,3.015
1746584470.382,16.6310,16.615,0.738,3.014
1746584470.391,16.6611,16.645,0.739,3.013
1746584470.402,16.6912,16.675,0.739,3.013
1746584470.412,16.7214,16.705,0.740,3.012
1746584470.422,16.7515,16.735,0.740,3.011
1746584470.432,16.7815,16.765,0.741,3.009
1746584470.442,16.8116,16.795,0.741,3.008
1746584470.451,16.8417,16.825,0.742,3.005
1746584470.462,16.8717,16.855,0.742,3.003
1746584470.472,16.9017,16.885,0.742,2.999
1746584470.482,16.9316,16.915,0.743,2.995
1746584470.492,16.9616,16.945,0.743,2.991
1746584470.501,16.9914,16.975,0.744,2.987
1746584470.511,17.0213,17.005,0.744,2.983
1746584470.522,17.0511,17.035,0.745,2.979
1746584470.532,17.0808,17.065,0.745,2.975
1746584470.541,17.1106,17.094,0.745,2.973
1746584470.551,17.1403,17.124,0.746,2.970
1746584470.562,17.1700,17.154,0.746,2.969
1746584470.571,17.1996,17.183,0.746,2.967
1746584470.582,17.2293,17.213,0.747,2.965
1746584470.591,17.2589,17.243,0.747,2.964
1746584470.601,17.2885,17.272,0.748,2.963
1746584470.612,17.3181,17.302,0.748,2.961
1746584470.622,17.3477,17.332,0.748,2.959
1746584470.632,17.3773,17.361,0.749,2.956
1746584470.641,17.4068,17.391,0.749,2.955
1746584470.652,17.4363,17.420,0.750,2.953
1746584470.662,17.4658,17.450,0.750,2.950
1746584470.678,17.4985,17.482,0.756,2.953
1746584470.682,17.5280,17.512,0.756,2.951
1746584470.692,17.5574,17.541,0.757,2.948
1746584470.702,17.5869,17.571,0.757,2.946
1746584470.712,17.6163,17.600,0.758,2.943
1746584470.721,17.6458,17.629,0.758,2.941
1746584470.731,17.6751,17.659,0.759,2.938
1746584470.742,17.7045,17.688,0.759,2.936
1746584470.752,17.7338,17.718,0.760,2.933
1746584470.762,17.7631,17.747,0.760,2.931
1746584470.772,17.7924,17.776,0.761,2.929
1746584470.782,17.8217,17.805,0.761,2.927
1746584470.792,17.8510,17.835,0.762,2.925
1746584470.802,17.8802,17.864,0.763,2.923
1746584470.811,17.9094,17.893,0.763,2.922
1746584470.822,17.9386,17.922,0.764,2.920
1746584470.832,17.9678,17.952,0.764,2.918
1746584470.842,17.9970,17.981,0.765,2.917
1746584470.851,18.0261,18.010,0.765,2.916
1746584470.862,18.0552,18.039,0.766,2.914
1746584470.871,18.0843,18.068,0.766,2.912
1746584470.881,18.1134,18.097,0.767,2.912
1746584470.892,18.1425,18.126,0.767,2.910
1746584470.901,18.1716,18.155,0.768,2.909
1746584470.911,18.2007,18.184,0.768,2.908
1746584470.921,18.2298,18.214,0.769,2.906
1746584470.932,18.2588,18.243,0.770,2.905
1746584470.941,18.2879,18.272,0.770,2.903
1746584470.951,18.3169,18.301,0.771,2.901
1746584470.961,18.3459,18.330,0.771,2.898
1746584470.972,18.3748,18.359,0.772,2.896
1746584470.982,18.4038,18.388,0.773,2.893
1746584470.992,18.4327,18.416,0.773,2.890
1746584471.001,18.4616,18.445,0.774,2.887
1746584471.011,18.4904,18.474,0.774,2.884
1746584471.021,18.5192,18.503,0.775,2.881
1746584471.032,18.5480,18.532,0.775,2.879
1746584471.041,18.5768,18.561,0.776,2.877
1746584471.051,18.6055,18.589,0.776,2.874
1746584471.062,18.6343,18.618,0.777,2.872
1746584471.071,18.6629,18.647,0.777,2.869
1746584471.082,18.6916,18.675,0.778,2.867
1746584471.091,18.7203,18.704,0.778,2.865
1746584471.101,18.7489,18.733,0.779,2.863
1746584471.112,18.7775,18.761,0.779,2.861
1746584471.122,18.8061,18.790,0.780,2.858
1746584471.131,18.8347,18.818,0.780,2.856
1746584471.141,18.8632,18.847,0.781,2.853
1746584471.151,18.8917,18.876,0.781,2.850
1746584471.162,18.9168,18.901,0.781,2.841
1746584471.172,18.9452,18.929,0.782,2.838
1746584471.182,18.9736,18.957,0.782,2.836
1746584471.191,19.0019,18.986,0.783,2.833
1746584471.202,19.0302,19.014,0.783,2.832
1746584471.212,19.0585,19.042,0.784,2.830
1746584471.221,19.0868,19.071,0.784,2.828
1746584471.232,19.1151,19.099,0.785,2.826
1746584471.242,19.1433,19.127,0.785,2.824
1746584471.252,19.1715,19.155,0.786,2.822
1746584471.262,19.1997,19.184,0.786,2.820
1746584471.272,19.2279,19.212,0.787,2.818
1746584471.281,19.2561,19.240,0.787,2.815
1746584471.291,19.2842,19.268,0.788,2.813
1746584471.302,19.3123,19.296,0.788,2.811
1746584471.312,19.3404,19.324,0.789,2.808
1746584471.322,19.3685,19.352,0.789,2.806
1746584471.331,19.3965,19.380,0.790,2.804
1746584471.342,19.4245,19.408,0.790,2.801
1746584471.352,19.4525,19.436,0.791,2.800
1746584471.361,19.4805,19.464,0.791,2.798
1746584471.371,19.5085,19.492,0.792,2.795
1746584471.381,19.5364,19.520,0.792,2.794
1746584471.391,19.5643,19.548,0.793,2.792
1746584471.401,19.5922,19.576,0.793,2.789
1746584471.411,19.6201,19.604,0.794,2.788
1746584471.422,19.6480,19.632,0.794,2.785
1746584471.432,19.6758,19.660,0.795,2.783
1746584471.441,19.7036,19.688,0.795,2.780
1746584471.451,19.7314,19.715,0.796,2.777
1746584471.461,19.7591,19.743,0.796,2.775
1746584471.472,19.7869,19.771,0.797,2.772
1746584471.482,19.8146,19.799,0.797,2.769
1746584471.491,19.8422,19.826,0.798,2.767
1746584471.501,19.8699,19.854,0.798,2.764
1746584471.511,19.8975,19.881,0.799,2.762
1746584471.521,19.9251,19.909,0.799,2.760
1746584471.531,19.9527,19.937,0.800,2.758
1746584471.541,19.9803,19.964,0.800,2.756
1746584471.551,20.0078,19.992,0.801,2.754
1746584471.561,20.0353,20.019,0.801,2.752
1746584471.571,20.0628,20.047,0.802,2.750
1746584471.581,20.0903,20.074,0.802,2.749
1746584471.591,20.1178,20.102,0.803,2.746
1746584471.601,20.1452,20.129,0.803,2.745
1746584471.611,20.1727,20.157,0.804,2.743
1746584471.622,20.2001,20.184,0.804,2.741
1746584471.632,20.2275,20.211,0.805,2.739
1746584471.641,20.2549,20.239,0.805,2.737
1746584471.652,20.2822,20.266,0.806,2.735
1746584471.661,20.3096,20.294,0.806,2.733
1746584471.672,20.3369,20.321,0.801,2.731
1746584471.681,20.3641,20.348,0.801,2.728
1746584471.691,20.3914,20.376,0.802,2.726
1746584471.701,20.4186,20.403,0.802,2.722
1746584471.711,20.4458,20.430,0.803,2.719
1746584471.721,20.4730,20.457,0.803,2.716
1746584471.731,20.5001,20.484,0.803,2.713
1746584471.741,20.5272,20.511,0.804,2.710
1746584471.752,20.5543,20.539,0.804,2.707
1746584471.761,20.5814,20.566,0.804,2.705
1746584471.771,20.6084,20.593,0.805,2.703
1746584471.781,20.6354,20.620,0.805,2.702
1746584471.791,20.6624,20.647,0.805,2.700
1746584471.801,20.6894,20.674,0.806,2.699
1746584471.811,20.7163,20.701,0.806,2.697
1746584471.821,20.7433,20.728,0.806,2.694
1746584471.831,20.7702,20.755,0.807,2.692
1746584471.841,20.7971,20.781,0.807,2.690
1746584471.851,20.8240,20.808,0.807,2.688
1746584471.861,20.8508,20.835,0.807,2.685
1746584471.871,20.8777,20.862,0.808,2.683
1746584471.881,20.9045,20.889,0.808,2.681
1746584471.891,20.9312,20.916,0.808,2.678
1746584471.901,20.9580,20.942,0.808,2.676
1746584471.911,20.9847,20.969,0.809,2.675
1746584471.921,21.0115,20.996,0.809,2.672
1746584471.931,21.0382,21.023,0.809,2.670
1746584471.941,21.0649,21.049,0.810,2.668
1746584471.951,21.0915,21.076,0.810,2.666
1746584471.961,21.1182,21.103,0.810,2.664
1746584471.971,21.1448,21.129,0.810,2.663
1746584471.981,21.1714,21.156,0.811,2.660
1746584471.991,21.1980,21.182,0.811,2.658
1746584472.001,21.2245,21.209,0.811,2.656
1746584472.011,21.2511,21.236,0.812,2.654
1746584472.021,21.2776,21.262,0.812,2.651
1746584472.031,21.3041,21.289,0.812,2.649
1746584472.041,21.3306,21.315,0.813,2.647
1746584472.051,21.3570,21.342,0.813,2.644
1746584472.061,21.3834,21.368,0.813,2.643
1746584472.071,21.4098,21.394,0.814,2.641
1746584472.081,21.4362,21.421,0.814,2.639
1746584472.091,21.4626,21.447,0.814,2.637
1746584472.101,21.4889,21.473,0.815,2.635
1746584472.111,21.5153,21.500,0.815,2.633
1746584472.122,21.5448,21.529,0.817,2.635
1746584472.131,21.5712,21.556,0.817,2.633
1746584472.141,21.5975,21.582,0.818,2.631
1746584472.151,21.6238,21.608,0.818,2.629
1746584472.161,21.6501,21.635,0.818,2.628
1746584472.171,21.6763,21.661,0.819,2.626
1746584472.181,21.7026,21.687,0.819,2.624
1746584472.191,21.7288,21.713,0.819,2.622
1746584472.201,21.7551,21.740,0.820,2.621
1746584472.211,21.7812,21.766,0.820,2.619
1746584472.221,21.8074,21.792,0.820,2.617
1746584472.231,21.8336,21.818,0.820,2.615
1746584472.241,21.8597,21.844,0.821,2.613
1746584472.251,21.8858,21.870,0.821,2.610
1746584472.261,21.9119,21.897,0.821,2.609
1746584472.271,21.9380,21.923,0.822,2.607
1746584472.281,21.9640,21.949,0.822,2.605
1746584472.291,21.9901,21.975,0.822,2.605
1746584472.301,22.0161,22.001,0.822,2.605
1746584472.311,22.0421,22.027,0.823,2.606
1746584472.321,22.0682,22.053,0.823,2.607
1746584472.331,22.0943,22.079,0.823,2.609
1746584472.341,22.1204,22.105,0.823,2.611
1746584472.351,22.1465,22.131,0.823,2.612
1746584472.361,22.1726,22.157,0.824,2.612
1746584472.371,22.1987,22.183,0.824,2.612
1746584472.381,22.2248,22.209,0.824,2.610
1746584472.391,22.2509,22.236,0.824,2.607
1746584472.401,22.2769,22.262,0.824,2.604
1746584472.411,22.3029,22.288,0.825,2.601
1746584472.421,22.3289,22.314,0.825,2.598
1746584472.431,22.3548,22.340,0.825,2.595
1746584472.441,22.3808,22.366,0.825,2.592
1746584472.451,22.4067,22.391,0.825,2.589
1746584472.461,22.4325,22.417,0.826,2.587
1746584472.471,22.4584,22.443,0.826,2.586
1746584472.481,22.4842,22.469,0.826,2.584
1746584472.491,22.5100,22.495,0.826,2.582
1746584472.501,22.5358,22.521,0.826,2.581
1746584472.511,22.5616,22.546,0.827,2.579
1746584472.521,22.5874,22.572,0.827,2.579
1746584472.531,22.6131,22.598,0.827,2.578
1746584472.541,22.6389,22.624,0.827,2.578
1746584472.551,22.6646,22.650,0.827,2.580
1746584472.561,22.6904,22.675,0.828,2.581
1746584472.571,22.7162,22.701,0.828,2.584
1746584472.581,22.7420,22.727,0.828,2.586
1746584472.591,22.7679,22.753,0.828,2.588
1746584472.601,22.7938,22.779,0.828,2.590
1746584472.611,22.8214,22.806,0.833,2.593
1746584472.621,22.8473,22.832,0.833,2.594
1746584472.631,22.8732,22.858,0.833,2.593
1746584472.641,22.8991,22.884,0.834,2.591
1746584472.651,22.9250,22.910,0.834,2.588
1746584472.661,22.9508,22.936,0.834,2.585
1746584472.671,22.9767,22.962,0.834,2.581
1746584472.681,23.0025,22.987,0.835,2.578
1746584472.691,23.0282,23.013,0.835,2.574
1746584472.701,23.0539,23.039,0.835,2.571
1746584472.711,23.0796,23.064,0.835,2.569
1746584472.721,23.1052,23.090,0.836,2.567
1746584472.731,23.1309,23.116,0.836,2.566
1746584472.741,23.1565,23.141,0.836,2.567
1746584472.752,23.1822,23.167,0.836,2.568
1746584472.761,23.2079,23.193,0.836,2.570
1746584472.771,23.2337,23.219,0.837,2.573
1746584472.781,23.2595,23.244,0.837,2.576
1746584472.791,23.2852,23.270,0.837,2.579
1746584472.801,23.3110,23.296,0.838,2.581
1746584472.811,23.3368,23.322,0.838,2.583
1746584472.821,23.3626,23.348,0.838,2.583
1746584472.831,23.3885,23.373,0.838,2.583
1746584472.841,23.4143,23.399,0.839,2.582
1746584472.851,23.4401,23.425,0.839,2.582
1746584472.861,23.4659,23.451,0.839,2.580
1746584472.871,23.4917,23.477,0.839,2.578
1746584472.881,23.5174,23.502,0.839,2.575
1746584472.892,23.5432,23.528,0.840,2.574
1746584472.901,23.5689,23.554,0.840,2.572
1746584472.911,23.5946,23.580,0.840,2.571
1746584472.921,23.6203,23.605,0.840,2.571
1746584472.931,23.6460,23.631,0.840,2.571
1746584472.941,23.6717,23.657,0.841,2.572
1746584472.951,23.6974,23.682,0.841,2.573
1746584472.961,23.7231,23.708,0.841,2.575
1746584472.971,23.7489,23.734,0.841,2.576
1746584472.981,23.7746,23.760,0.841,2.578
1746584472.991,23.8004,23.786,0.841,2.579
1746584473.001,23.8262,23.811,0.842,2.580
1746584473.011,23.8520,23.837,0.842,2.580
1746584473.021,23.8778,23.863,0.842,2.581
1746584473.031,23.9036,23.889,0.842,2.580
1746584473.041,23.9293,23.915,0.842,2.578
1746584473.051,23.9551,23.940,0.842,2.577
1746584473.061,23.9808,23.966,0.843,2.575
1746584473.071,24.0066,23.992,0.843,2.574
1746584473.081,24.0323,24.018,0.843,2.572
1746584473.091,24.0580,24.043,0.843,2.571
1746584473.101,24.0837,24.069,0.843,2.571
1746584473.111,24.1094,24.095,0.843,2.571
1746584473.121,24.1351,24.120,0.844,2.572
1746584473.131,24.1607,24.146,0.842,2.572
1746584473.141,24.1865,24.172,0.842,2.574
1746584473.151,24.2122,24.198,0.842,2.576
1746584473.161,24.2379,24.223,0.842,2.577
1746584473.171,24.2637,24.249,0.842,2.579
1746584473.181,24.2895,24.275,0.843,2.580
1746584473.191,24.3153,24.301,0.843,2.581
1746584473.201,24.3411,24.327,0.843,2.582
1746584473.211,24.3669,24.352,0.843,2.582
1746584473.221,24.3927,24.378,0.843,2.581
1746584473.231,24.4185,24.404,0.843,2.580
1746584473.241,24.4443,24.430,0.843,2.578
1746584473.251,24.4700,24.456,0.843,2.575
1746584473.261,24.4958,24.481,0.843,2.573
1746584473.271,24.5215,24.507,0.843,2.570
1746584473.281,24.5471,24.533,0.843,2.568
1746584473.291,24.5728,24.558,0.843,2.565
1746584473.301,24.5984,24.584,0.843,2.564
1746584473.311,24.6240,24.610,0.844,2.562
1746584473.321,24.6496,24.635,0.844,2.561
1746584473.331,24.6752,24.661,0.844,2.560
1746584473.341,24.7008,24.686,0.844,2.560
1746584473.351,24.7264,24.712,0.844,2.561
1746584473.361,24.7520,24.738,0.844,2.562
1746584473.371,24.7776,24.763,0.844,2.561
1746584473.381,24.8032,24.789,0.844,2.562
1746584473.391,24.8288,24.814,0.844,2.562
1746584473.401,24.8544,24.840,0.844,2.561
1746584473.411,24.8800,24.866,0.844,2.559
1746584473.421,24.9056,24.891,0.844,2.559
1746584473.431,24.9311,24.917,0.844,2.556
1746584473.441,24.9567,24.942,0.844,2.554
1746584473.451,24.9823,24.968,0.844,2.552
1746584473.461,25.0078,24.993,0.844,2.549
1746584473.471,25.0332,25.019,0.844,2.547
1746584473.481,25.0587,25.044,0.844,2.544
1746584473.491,25.0841,25.070,0.844,2.542
1746584473.501,25.1095,25.095,0.844,2.539
1746584473.511,25.1348,25.121,0.845,2.537
1746584473.521,25.1602,25.146,0.845,2.536
1746584473.531,25.1855,25.171,0.845,2.534
1746584473.541,25.2108,25.197,0.845,2.533
1746584473.551,25.2362,25.222,0.845,2.533
1746584473.561,25.2615,25.247,0.845,2.533
1746584473.571,25.2868,25.273,0.845,2.532
1746584473.581,25.3121,25.298,0.845,2.532
1746584473.591,25.3374,25.323,0.845,2.532
1746584473.601,25.3627,25.349,0.845,2.530
1746584473.611,25.3880,25.374,0.845,2.530
1746584473.621,25.4133,25.399,0.845,2.529
1746584473.632,25.4350,25.421,0.847,2.522
1746584473.641,25.4602,25.446,0.848,2.521
1746584473.651,25.4854,25.471,0.848,2.520
1746584473.661,25.5106,25.497,0.848,2.518
1746584473.671,25.5358,25.522,0.848,2.516
1746584473.681,25.5609,25.547,0.848,2.514
1746584473.691,25.5860,25.572,0.848,2.512
1746584473.701,25.6111,25.597,0.848,2.511
1746584473.711,25.6362,25.622,0.848,2.509
1746584473.722,25.6613,25.647,0.848,2.508
1746584473.731,25.6863,25.672,0.847,2.507
1746584473.741,25.7114,25.697,0.847,2.506
1746584473.751,25.7364,25.722,0.847,2.505
1746584473.761,25.7615,25.748,0.847,2.504
1746584473.771,25.7865,25.773,0.847,2.504
1746584473.781,25.8115,25.798,0.847,2.504
1746584473.791,25.8365,25.823,0.847,2.503
1746584473.801,25.8615,25.848,0.847,2.502
1746584473.811,25.8865,25.873,0.847,2.501
1746584473.821,25.9115,25.898,0.847,2.500
1746584473.831,25.9365,25.923,0.847,2.498
1746584473.841,25.9614,25.948,0.847,2.498
1746584473.851,25.9864,25.973,0.847,2.496
1746584473.861,26.0113,25.998,0.847,2.494
1746584473.871,26.0362,26.022,0.847,2.492
1746584473.881,26.0611,26.047,0.847,2.490
1746584473.891,26.0860,26.072,0.847,2.487
1746584473.901,26.1108,26.097,0.847,2.485
1746584473.911,26.1356,26.122,0.847,2.483
1746584473.921,26.1605,26.147,0.847,2.482
1746584473.931,26.1852,26.172,0.847,2.480
1746584473.941,26.2100,26.196,0.847,2.479
1746584473.951,26.2348,26.221,0.847,2.478
1746584473.961,26.2596,26.246,0.847,2.477
1746584473.971,26.2843,26.271,0.847,2.475
1746584473.981,26.3090,26.295,0.846,2.475
1746584473.991,26.3338,26.320,0.846,2.474
1746584474.001,26.3585,26.345,0.846,2.472
1746584474.011,26.3832,26.370,0.846,2.471
1746584474.021,26.4079,26.394,0.846,2.470
1746584474.031,26.4325,26.419,0.846,2.468
1746584474.041,26.4572,26.444,0.846,2.466
1746584474.051,26.4818,26.468,0.846,2.464
1746584474.061,26.5064,26.493,0.846,2.463
1746584474.071,26.5310,26.518,0.846,2.461
1746584474.081,26.5556,26.542,0.846,2.459
1746584474.091,26.5802,26.567,0.846,2.457
1746584474.101,26.6048,26.591,0.846,2.456
1746584474.111,26.6293,26.616,0.846,2.455
1746584474.121,26.6538,26.640,0.846,2.454
1746584474.132,26.6783,26.665,0.846,2.452
1746584474.141,26.7029,26.689,0.846,2.451
1746584474.151,26.7273,26.714,0.846,2.450
1746584474.161,26.7518,26.738,0.846,2.449
1746584474.171,26.7763,26.763,0.846,2.447
1746584474.181,26.8008,26.787,0.846,2.446
1746584474.191,26.8252,26.812,0.846,2.445
1746584474.202,26.8496,26.836,0.846,2.444
1746584474.212,26.8787,26.865,0.847,2.449
1746584474.222,26.9032,26.890,0.847,2.447
1746584474.231,26.9276,26.914,0.847,2.446
1746584474.241,26.9521,26.939,0.847,2.443
1746584474.251,26.9765,26.963,0.847,2.441
1746584474.261,27.0009,26.988,0.847,2.439
1746584474.272,27.0253,27.012,0.847,2.437
1746584474.282,27.0496,27.036,0.847,2.435
1746584474.291,27.0740,27.061,0.847,2.433
1746584474.301,27.0983,27.085,0.847,2.430
1746584474.311,27.1225,27.109,0.847,2.428
1746584474.321,27.1468,27.134,0.847,2.426
1746584474.331,27.1710,27.158,0.847,2.424
1746584474.341,27.1953,27.182,0.847,2.421
1746584474.351,27.2194,27.206,0.847,2.420
1746584474.361,27.2436,27.230,0.847,2.417
1746584474.371,27.2678,27.255,0.847,2.415
1746584474.381,27.2919,27.279,0.847,2.414
1746584474.391,27.3160,27.303,0.847,2.412
1746584474.401,27.3401,27.327,0.847,2.411
1746584474.411,27.3642,27.351,0.847,2.409
1746584474.421,27.3883,27.375,0.847,2.408
1746584474.431,27.4123,27.399,0.847,2.406
1746584474.441,27.4364,27.423,0.847,2.405
1746584474.451,27.4604,27.447,0.847,2.403
1746584474.461,27.4844,27.471,0.847,2.402
1746584474.471,27.5084,27.495,0.847,2.400
1746584474.481,27.5324,27.519,0.846,2.398
1746584474.491,27.5563,27.543,0.846,2.396
1746584474.501,27.5803,27.567,0.847,2.394
1746584474.511,27.6042,27.591,0.846,2.392
1746584474.521,27.6281,27.615,0.846,2.391
1746584474.531,27.6520,27.639,0.846,2.388
1746584474.541,27.6759,27.663,0.846,2.386
1746584474.551,27.6997,27.687,0.846,2.384
1746584474.561,27.7235,27.711,0.846,2.382
1746584474.571,27.7473,27.734,0.846,2.380
1746584474.581,27.7711,27.758,0.846,2.378
1746584474.591,27.7948,27.782,0.846,2.376
1746584474.601,27.8186,27.806,0.846,2.374
1746584474.611,27.8423,27.829,0.846,2.373
