timestamp,x,y
1746584457.063,50.8776,-12.4865
1746584457.073,50.8776,-12.4865
1746584457.083,50.8777,-12.4865
1746584457.093,50.8777,-12.4865
1746584457.103,50.8777,-12.4866
1746584457.113,50.8778,-12.4866
1746584457.123,50.8778,-12.4866
1746584457.133,50.8778,-12.4866
1746584457.143,50.8779,-12.4866
1746584457.153,50.8779,-12.4867
1746584457.163,50.8780,-12.4867
1746584457.173,50.8768,-12.4864
1746584457.183,50.8768,-12.4865
1746584457.193,50.8768,-12.4865
1746584457.203,50.8768,-12.4865
1746584457.213,50.8768,-12.4865
1746584457.223,50.8769,-12.4865
1746584457.233,50.8769,-12.4865
1746584457.244,50.8769,-12.4865
1746584457.253,50.8769,-12.4866
1746584457.263,50.8769,-12.4866
1746584457.273,50.8769,-12.4866
1746584457.284,50.8770,-12.4866
1746584457.293,50.8770,-12.4866
1746584457.303,50.8770,-12.4866
1746584457.313,50.8770,-12.4867
1746584457.324,50.8770,-12.4867
1746584457.333,50.8770,-12.4867
1746584457.343,50.8771,-12.4867
1746584457.353,50.8771,-12.4867
1746584457.363,50.8771,-12.4868
1746584457.373,50.8771,-12.4868
1746584457.383,50.8771,-12.4868
1746584457.393,50.8772,-12.4868
1746584457.403,50.8772,-12.4869
1746584457.413,50.8772,-12.4869
1746584457.423,50.8772,-12.4869
1746584457.433,50.8772,-12.4869
1746584457.443,50.8772,-12.4869
1746584457.453,50.8773,-12.4869
1746584457.463,50.8773,-12.4870
1746584457.473,50.8773,-12.4870
1746584457.483,50.8773,-12.4870
1746584457.493,50.8773,-12.4870
1746584457.503,50.8774,-12.4870
1746584457.513,50.8774,-12.4871
1746584457.523,50.8774,-12.4871
1746584457.533,50.8774,-12.4871
1746584457.543,50.8774,-12.4871
1746584457.553,50.8774,-12.4871
1746584457.563,50.8774,-12.4872
1746584457.573,50.8773,-12.4872
1746584457.583,50.8771,-12.4872
1746584457.593,50.8769,-12.4873
1746584457.603,50.8767,-12.4873
1746584457.613,50.8764,-12.4873
1746584457.623,50.8760,-12.4873
1746584457.633,50.8738,-12.4872
1746584457.643,50.8734,-12.4872
1746584457.653,50.8730,-12.4872
1746584457.663,50.8726,-12.4872
1746584457.673,50.8722,-12.4872
1746584457.683,50.8718,-12.4872
1746584457.693,50.8714,-12.4873
1746584457.702,50.8711,-12.4873
1746584457.712,50.8707,-12.4873
1746584457.723,50.8703,-12.4873
1746584457.733,50.8698,-12.4873
1746584457.743,50.8693,-12.4873
1746584457.753,50.8688,-12.4873
1746584457.763,50.8682,-12.4873
1746584457.773,50.8675,-12.4873
1746584457.783,50.8668,-12.4873
1746584457.792,50.8660,-12.4874
1746584457.802,50.8652,-12.4874
1746584457.813,50.8643,-12.4874
1746584457.823,50.8634,-12.4875
1746584457.833,50.8625,-12.4875
1746584457.843,50.8615,-12.4875
1746584457.853,50.8605,-12.4876
1746584457.863,50.8595,-12.4876
1746584457.873,50.8585,-12.4876
1746584457.882,50.8575,-12.4876
1746584457.893,50.8564,-12.4877
1746584457.903,50.8554,-12.4877
1746584457.913,50.8542,-12.4877
1746584457.923,50.8531,-12.4878
1746584457.933,50.8518,-12.4878
1746584457.943,50.8505,-12.4878
1746584457.953,50.8492,-12.4879
1746584457.962,50.8477,-12.4879
1746584457.972,50.8463,-12.4880
1746584457.983,50.8447,-12.4880
1746584457.993,50.8432,-12.4881
1746584458.003,50.8415,-12.4881
1746584458.013,50.8399,-12.4882
1746584458.023,50.8382,-12.4882
1746584458.033,50.8365,-12.4883
1746584458.043,50.8347,-12.4883
1746584458.053,50.8329,-12.4884
1746584458.062,50.8311,-12.4884
1746584458.072,50.8293,-12.4885
1746584458.083,50.8273,-12.4886
1746584458.093,50.8254,-12.4886
1746584458.103,50.8234,-12.4887
1746584458.113,50.8213,-12.4888
1746584458.123,50.8192,-12.4889
1746584458.133,50.8200,-12.4885
1746584458.143,50.8178,-12.4886
1746584458.153,50.8155,-12.4886
1746584458.163,50.8132,-12.4887
1746584458.173,50.8109,-12.4888
1746584458.183,50.8085,-12.4889
1746584458.193,50.8060,-12.4890
1746584458.203,50.8035,-12.4890
1746584458.213,50.8010,-12.4891
1746584458.223,50.7984,-12.4892
1746584458.233,50.7957,-12.4892
1746584458.243,50.7930,-12.4893
1746584458.253,50.7903,-12.4894
1746584458.263,50.7875,-12.4895
1746584458.273,50.7847,-12.4896
1746584458.283,50.7817,-12.4896
1746584458.293,50.7787,-12.4897
1746584458.303,50.7757,-12.4898
1746584458.313,50.7725,-12.4900
1746584458.323,50.7693,-12.4901
1746584458.333,50.7661,-12.4902
1746584458.342,50.7627,-12.4903
1746584458.353,50.7593,-12.4904
1746584458.363,50.7558,-12.4906
1746584458.373,50.7523,-12.4907
1746584458.383,50.7487,-12.4908
1746584458.393,50.7450,-12.4909
1746584458.403,50.7413,-12.4911
1746584458.413,50.7374,-12.4912
1746584458.423,50.7336,-12.4913
1746584458.432,50.7296,-12.4914
1746584458.443,50.7256,-12.4915
1746584458.453,50.7215,-12.4916
1746584458.463,50.7174,-12.4918
1746584458.473,50.7131,-12.4919
1746584458.483,50.7088,-12.4920
1746584458.493,50.7045,-12.4921
1746584458.503,50.7000,-12.4922
1746584458.513,50.6955,-12.4923
1746584458.523,50.6909,-12.4925
1746584458.533,50.6863,-12.4926
1746584458.543,50.6816,-12.4927
1746584458.553,50.6768,-12.4929
1746584458.563,50.6719,-12.4930
1746584458.573,50.6670,-12.4932
1746584458.583,50.6620,-12.4933
1746584458.592,50.6569,-12.4935
1746584458.602,50.6518,-12.4937
1746584458.612,50.6466,-12.4938
1746584458.623,50.6413,-12.4940
1746584458.633,50.6323,-12.4922
1746584458.643,50.6268,-12.4923
1746584458.653,50.6212,-12.4925
1746584458.663,50.6155,-12.4926
1746584458.673,50.6098,-12.4928
1746584458.682,50.6040,-12.4929
1746584458.692,50.5981,-12.4931
1746584458.702,50.5921,-12.4932
1746584458.713,50.5861,-12.4934
1746584458.723,50.5800,-12.4935
1746584458.733,50.5738,-12.4937
1746584458.743,50.5675,-12.4938
1746584458.753,50.5612,-12.4940
1746584458.762,50.5547,-12.4942
1746584458.772,50.5482,-12.4943
1746584458.782,50.5416,-12.4945
1746584458.792,50.5350,-12.4946
1746584458.803,50.5282,-12.4948
1746584458.813,50.5214,-12.4950
1746584458.823,50.5145,-12.4951
1746584458.833,50.5075,-12.4953
1746584458.843,50.5004,-12.4955
1746584458.852,50.4933,-12.4957
1746584458.863,50.4860,-12.4959
1746584458.872,50.4787,-12.4961
1746584458.882,50.4713,-12.4963
1746584458.893,50.4638,-12.4965
1746584458.903,50.4562,-12.4966
1746584458.913,50.4486,-12.4968
1746584458.923,50.4409,-12.4970
1746584458.933,50.4331,-12.4972
1746584458.943,50.4252,-12.4974
1746584458.952,50.4172,-12.4976
1746584458.963,50.4092,-12.4978
1746584458.972,50.4010,-12.4980
1746584458.983,50.3928,-12.4982
1746584458.993,50.3845,-12.4984
1746584459.003,50.3761,-12.4987
1746584459.013,50.3676,-12.4989
1746584459.023,50.3591,-12.4991
1746584459.032,50.3504,-12.4993
1746584459.043,50.3417,-12.4995
1746584459.052,50.3329,-12.4998
1746584459.062,50.3240,-12.5000
1746584459.073,50.3150,-12.5002
1746584459.083,50.3059,-12.5004
1746584459.093,50.2968,-12.5006
1746584459.103,50.2875,-12.5008
1746584459.113,50.2782,-12.5011
1746584459.123,50.2677,-12.5000
1746584459.133,50.2582,-12.5003
1746584459.142,50.2486,-12.5005
1746584459.152,50.2389,-12.5007
1746584459.163,50.2292,-12.5010
1746584459.173,50.2193,-12.5012
1746584459.183,50.2094,-12.5015
1746584459.193,50.1994,-12.5017
1746584459.203,50.1893,-12.5020
1746584459.213,50.1791,-12.5023
1746584459.222,50.1689,-12.5026
1746584459.233,50.1585,-12.5028
1746584459.242,50.1481,-12.5031
1746584459.253,50.1376,-12.5034
1746584459.264,50.1270,-12.5036
1746584459.273,50.1163,-12.5039
1746584459.283,50.1055,-12.5042
1746584459.293,50.0947,-12.5045
1746584459.303,50.0838,-12.5048
1746584459.313,50.0727,-12.5050
1746584459.322,50.0617,-12.5053
1746584459.332,50.0505,-12.5056
1746584459.343,50.0392,-12.5059
1746584459.353,50.0279,-12.5062
1746584459.363,50.0165,-12.5065
1746584459.373,50.0050,-12.5068
1746584459.383,49.9934,-12.5071
1746584459.392,49.9817,-12.5074
1746584459.402,49.9700,-12.5077
1746584459.412,49.9582,-12.5080
1746584459.422,49.9463,-12.5083
1746584459.433,49.9343,-12.5086
1746584459.443,49.9223,-12.5089
1746584459.453,49.9101,-12.5092
1746584459.463,49.8979,-12.5095
1746584459.473,49.8856,-12.5097
1746584459.483,49.8733,-12.5100
1746584459.492,49.8608,-12.5103
1746584459.502,49.8483,-12.5106
1746584459.512,49.8357,-12.5108
1746584459.523,49.8230,-12.5111
1746584459.533,49.8102,-12.5114
1746584459.543,49.7974,-12.5116
1746584459.553,49.7845,-12.5119
1746584459.563,49.7715,-12.5121
1746584459.572,49.7584,-12.5124
1746584459.582,49.7453,-12.5127
1746584459.592,49.7321,-12.5130
1746584459.602,49.7188,-12.5133
1746584459.613,49.7055,-12.5136
1746584459.623,49.6920,-12.5139
1746584459.633,49.6786,-12.5142
1746584459.643,49.6634,-12.5131
1746584459.653,49.6497,-12.5134
1746584459.662,49.6360,-12.5137
1746584459.672,49.6222,-12.5140
1746584459.682,49.6083,-12.5143
1746584459.692,49.5943,-12.5147
1746584459.703,49.5803,-12.5150
1746584459.713,49.5662,-12.5154
1746584459.723,49.5521,-12.5157
1746584459.733,49.5378,-12.5161
1746584459.743,49.5235,-12.5165
1746584459.752,49.5091,-12.5169
1746584459.762,49.4947,-12.5173
1746584459.772,49.4802,-12.5177
1746584459.782,49.4656,-12.5181
1746584459.792,49.4509,-12.5186
1746584459.803,49.4362,-12.5190
1746584459.813,49.4214,-12.5194
1746584459.823,49.4066,-12.5199
1746584459.833,49.3916,-12.5203
1746584459.842,49.3766,-12.5207
1746584459.852,49.3615,-12.5211
1746584459.862,49.3464,-12.5215
1746584459.872,49.3311,-12.5220
1746584459.883,49.3158,-12.5224
1746584459.893,49.3004,-12.5228
1746584459.903,49.2850,-12.5232
1746584459.913,49.2695,-12.5236
1746584459.923,49.2539,-12.5240
1746584459.932,49.2382,-12.5244
1746584459.942,49.2224,-12.5248
1746584459.952,49.2066,-12.5252
1746584459.962,49.1908,-12.5256
1746584459.972,49.1748,-12.5259
1746584459.983,49.1588,-12.5263
1746584459.993,49.1427,-12.5267
1746584460.003,49.1265,-12.5271
1746584460.012,49.1103,-12.5275
1746584460.022,49.0940,-12.5279
1746584460.032,49.0776,-12.5284
1746584460.042,49.0611,-12.5288
1746584460.053,49.0446,-12.5292
1746584460.063,49.0280,-12.5296
1746584460.073,49.0114,-12.5301
1746584460.083,48.9946,-12.5305
1746584460.093,48.9778,-12.5310
1746584460.103,48.9610,-12.5314
1746584460.113,48.9440,-12.5319
1746584460.123,48.9270,-12.5324
1746584460.133,48.9100,-12.5328
1746584460.143,48.8928,-12.5333
1746584460.153,48.8756,-12.5338
1746584460.163,48.8569,-12.5366
1746584460.173,48.8395,-12.5372
1746584460.183,48.8221,-12.5377
1746584460.193,48.8046,-12.5382
1746584460.203,48.7870,-12.5388
1746584460.213,48.7693,-12.5393
1746584460.223,48.7516,-12.5398
1746584460.233,48.7338,-12.5404
1746584460.243,48.7159,-12.5410
1746584460.253,48.6980,-12.5415
1746584460.263,48.6799,-12.5421
1746584460.273,48.6619,-12.5427
1746584460.283,48.6437,-12.5433
1746584460.293,48.6255,-12.5439
1746584460.303,48.6073,-12.5445
1746584460.313,48.5890,-12.5451
1746584460.323,48.5706,-12.5457
1746584460.333,48.5521,-12.5463
1746584460.343,48.5336,-12.5469
1746584460.353,48.5150,-12.5475
1746584460.363,48.4964,-12.5481
1746584460.373,48.4777,-12.5487
1746584460.383,48.4589,-12.5493
1746584460.393,48.4400,-12.5498
1746584460.403,48.4211,-12.5504
1746584460.413,48.4021,-12.5510
1746584460.423,48.3831,-12.5516
1746584460.433,48.3640,-12.5521
1746584460.442,48.3448,-12.5527
1746584460.453,48.3256,-12.5533
1746584460.463,48.3063,-12.5539
1746584460.473,48.2869,-12.5545
1746584460.483,48.2675,-12.5551
1746584460.493,48.2480,-12.5557
1746584460.503,48.2285,-12.5562
1746584460.513,48.2089,-12.5568
1746584460.523,48.1893,-12.5574
1746584460.532,48.1696,-12.5580
1746584460.543,48.1498,-12.5587
1746584460.553,48.1300,-12.5593
1746584460.563,48.1101,-12.5599
1746584460.573,48.0902,-12.5605
1746584460.583,48.0702,-12.5612
1746584460.593,48.0501,-12.5618
1746584460.603,48.0299,-12.5624
1746584460.613,48.0097,-12.5630
1746584460.623,47.9894,-12.5636
1746584460.633,47.9690,-12.5642
1746584460.643,47.9486,-12.5648
1746584460.653,47.9281,-12.5655
1746584460.663,47.9076,-12.5661
1746584460.673,47.8863,-12.5618
1746584460.683,47.8656,-12.5623
1746584460.693,47.8449,-12.5629
1746584460.703,47.8241,-12.5634
1746584460.712,47.8033,-12.5640
1746584460.723,47.7825,-12.5646
1746584460.733,47.7616,-12.5651
1746584460.743,47.7407,-12.5657
1746584460.753,47.7197,-12.5663
1746584460.763,47.6987,-12.5669
1746584460.773,47.6776,-12.5675
1746584460.783,47.6565,-12.5681
1746584460.793,47.6353,-12.5687
1746584460.802,47.6141,-12.5694
1746584460.813,47.5928,-12.5700
1746584460.823,47.5715,-12.5706
1746584460.833,47.5501,-12.5712
1746584460.842,47.5287,-12.5718
1746584460.853,47.5071,-12.5724
1746584460.863,47.4856,-12.5730
1746584460.873,47.4640,-12.5736
1746584460.883,47.4423,-12.5742
1746584460.892,47.4205,-12.5748
1746584460.903,47.3988,-12.5754
1746584460.913,47.3769,-12.5760
1746584460.923,47.3550,-12.5766
1746584460.932,47.3331,-12.5772
1746584460.943,47.3111,-12.5778
1746584460.953,47.2891,-12.5784
1746584460.963,47.2671,-12.5791
1746584460.973,47.2450,-12.5797
1746584460.983,47.2228,-12.5803
1746584460.993,47.2006,-12.5810
1746584461.003,47.1784,-12.5816
1746584461.013,47.1561,-12.5822
1746584461.023,47.1337,-12.5829
1746584461.033,47.1114,-12.5835
1746584461.043,47.0889,-12.5842
1746584461.053,47.0664,-12.5849
1746584461.063,47.0439,-12.5855
1746584461.072,47.0213,-12.5862
1746584461.083,46.9987,-12.5869
1746584461.093,46.9760,-12.5875
1746584461.103,46.9533,-12.5882
1746584461.113,46.9305,-12.5889
1746584461.123,46.9077,-12.5895
1746584461.133,46.8848,-12.5902
1746584461.143,46.8619,-12.5908
1746584461.153,46.8390,-12.5915
1746584461.163,46.8152,-12.5915
1746584461.173,46.7921,-12.5921
1746584461.183,46.7690,-12.5927
1746584461.193,46.7459,-12.5934
1746584461.203,46.7227,-12.5940
1746584461.213,46.6994,-12.5946
1746584461.223,46.6761,-12.5952
1746584461.233,46.6528,-12.5958
1746584461.243,46.6294,-12.5964
1746584461.252,46.6059,-12.5970
1746584461.263,46.5824,-12.5977
1746584461.273,46.5589,-12.5983
1746584461.283,46.5352,-12.5989
1746584461.293,46.5116,-12.5995
1746584461.302,46.4879,-12.6001
1746584461.313,46.4641,-12.6007
1746584461.323,46.4403,-12.6014
1746584461.333,46.4165,-12.6020
1746584461.342,46.3927,-12.6026
1746584461.353,46.3688,-12.6033
1746584461.363,46.3448,-12.6039
1746584461.373,46.3209,-12.6046
1746584461.383,46.2969,-12.6052
1746584461.392,46.2728,-12.6059
1746584461.403,46.2487,-12.6065
1746584461.413,46.2246,-12.6072
1746584461.423,46.2005,-12.6079
1746584461.432,46.1763,-12.6085
1746584461.443,46.1521,-12.6092
1746584461.453,46.1278,-12.6099
1746584461.463,46.1035,-12.6106
1746584461.473,46.0791,-12.6113
1746584461.483,46.0548,-12.6120
1746584461.493,46.0304,-12.6127
1746584461.503,46.0060,-12.6134
1746584461.513,45.9815,-12.6141
1746584461.523,45.9571,-12.6148
1746584461.533,45.9326,-12.6155
1746584461.543,45.9081,-12.6162
1746584461.553,45.8836,-12.6169
1746584461.563,45.8591,-12.6176
1746584461.572,45.8346,-12.6183
1746584461.582,45.8100,-12.6190
1746584461.592,45.7854,-12.6197
1746584461.602,45.7609,-12.6204
1746584461.612,45.7363,-12.6211
1746584461.622,45.7116,-12.6218
1746584461.633,45.6870,-12.6225
1746584461.642,45.6623,-12.6231
1746584461.653,45.6377,-12.6238
1746584461.663,45.6130,-12.6245
1746584461.672,45.5882,-12.6251
1746584461.682,45.5635,-12.6258
1746584461.692,45.5388,-12.6265
1746584461.702,45.5114,-12.6276
1746584461.712,45.4865,-12.6283
1746584461.722,45.4617,-12.6290
1746584461.732,45.4368,-12.6297
1746584461.743,45.4119,-12.6304
1746584461.752,45.3870,-12.6311
1746584461.762,45.3621,-12.6318
1746584461.772,45.3372,-12.6325
1746584461.782,45.3122,-12.6332
1746584461.792,45.2872,-12.6339
1746584461.803,45.2623,-12.6346
1746584461.812,45.2373,-12.6352
1746584461.823,45.2122,-12.6359
1746584461.833,45.1872,-12.6365
1746584461.843,45.1622,-12.6372
1746584461.852,45.1371,-12.6378
1746584461.862,45.1120,-12.6384
1746584461.872,45.0869,-12.6391
1746584461.882,45.0618,-12.6397
1746584461.892,45.0367,-12.6403
1746584461.902,45.0115,-12.6409
1746584461.912,44.9864,-12.6415
1746584461.923,44.9612,-12.6421
1746584461.932,44.9360,-12.6427
1746584461.942,44.9108,-12.6433
1746584461.952,44.8856,-12.6439
1746584461.962,44.8604,-12.6445
1746584461.972,44.8352,-12.6451
1746584461.982,44.8100,-12.6457
1746584461.992,44.7847,-12.6463
1746584462.002,44.7595,-12.6469
1746584462.012,44.7343,-12.6475
1746584462.023,44.7090,-12.6481
1746584462.032,44.6838,-12.6487
1746584462.042,44.6585,-12.6492
1746584462.052,44.6332,-12.6498
1746584462.062,44.6079,-12.6503
1746584462.072,44.5826,-12.6508
1746584462.082,44.5573,-12.6513
1746584462.092,44.5320,-12.6518
1746584462.103,44.5066,-12.6523
1746584462.112,44.4813,-12.6527
1746584462.122,44.4559,-12.6532
1746584462.132,44.4281,-12.6544
1746584462.142,44.4027,-12.6549
1746584462.152,44.3772,-12.6553
1746584462.162,44.3518,-12.6558
1746584462.172,44.3263,-12.6562
1746584462.182,44.3008,-12.6566
1746584462.192,44.2753,-12.6571
1746584462.202,44.2498,-12.6575
1746584462.212,44.2243,-12.6579
1746584462.222,44.1988,-12.6583
1746584462.232,44.1733,-12.6587
1746584462.242,44.1478,-12.6591
1746584462.252,44.1223,-12.6595
1746584462.262,44.0968,-12.6599
1746584462.272,44.0712,-12.6604
1746584462.282,44.0457,-12.6608
1746584462.292,44.0201,-12.6612
1746584462.302,43.9945,-12.6617
1746584462.312,43.9689,-12.6622
1746584462.322,43.9433,-12.6626
1746584462.332,43.9177,-12.6631
1746584462.342,43.8921,-12.6636
1746584462.352,43.8665,-12.6641
1746584462.362,43.8409,-12.6645
1746584462.372,43.8152,-12.6650
1746584462.382,43.7896,-12.6655
1746584462.392,43.7639,-12.6659
1746584462.402,43.7383,-12.6663
1746584462.412,43.7127,-12.6667
1746584462.422,43.6870,-12.6671
1746584462.432,43.6614,-12.6675
1746584462.442,43.6357,-12.6679
1746584462.452,43.6101,-12.6682
1746584462.462,43.5844,-12.6686
1746584462.472,43.5588,-12.6689
1746584462.482,43.5331,-12.6692
1746584462.492,43.5075,-12.6695
1746584462.502,43.4818,-12.6698
1746584462.512,43.4562,-12.6701
1746584462.522,43.4305,-12.6704
1746584462.532,43.4049,-12.6707
1746584462.542,43.3792,-12.6710
1746584462.552,43.3535,-12.6712
1746584462.562,43.3279,-12.6715
1746584462.572,43.3022,-12.6717
1746584462.582,43.2766,-12.6720
1746584462.592,43.2509,-12.6723
1746584462.602,43.2253,-12.6725
1746584462.612,43.1996,-12.6728
1746584462.623,43.1719,-12.6759
1746584462.632,43.1462,-12.6761
1746584462.642,43.1205,-12.6763
1746584462.652,43.0948,-12.6765
1746584462.662,43.0691,-12.6767
1746584462.672,43.0434,-12.6769
1746584462.682,43.0177,-12.6770
1746584462.692,42.9920,-12.6772
1746584462.702,42.9663,-12.6773
1746584462.712,42.9405,-12.6774
1746584462.722,42.9148,-12.6775
1746584462.732,42.8891,-12.6776
1746584462.742,42.8635,-12.6778
1746584462.752,42.8378,-12.6779
1746584462.762,42.8121,-12.6780
1746584462.772,42.7864,-12.6781
1746584462.783,42.7608,-12.6782
1746584462.792,42.7351,-12.6783
1746584462.802,42.7095,-12.6785
1746584462.812,42.6838,-12.6785
1746584462.822,42.6582,-12.6787
1746584462.832,42.6326,-12.6788
1746584462.842,42.6069,-12.6788
1746584462.852,42.5813,-12.6789
1746584462.862,42.5557,-12.6790
1746584462.872,42.5301,-12.6791
1746584462.882,42.5045,-12.6792
1746584462.892,42.4789,-12.6793
1746584462.902,42.4533,-12.6793
1746584462.912,42.4278,-12.6793
1746584462.922,42.4022,-12.6793
1746584462.932,42.3766,-12.6793
1746584462.942,42.3511,-12.6793
1746584462.952,42.3255,-12.6792
1746584462.962,42.3000,-12.6790
1746584462.972,42.2745,-12.6789
1746584462.982,42.2490,-12.6787
1746584462.992,42.2236,-12.6785
1746584463.002,42.1981,-12.6783
1746584463.012,42.1727,-12.6780
1746584463.022,42.1473,-12.6778
1746584463.032,42.1219,-12.6774
1746584463.042,42.0965,-12.6771
1746584463.052,42.0711,-12.6768
1746584463.062,42.0458,-12.6765
1746584463.072,42.0204,-12.6763
1746584463.082,41.9951,-12.6760
1746584463.092,41.9698,-12.6757
1746584463.102,41.9445,-12.6754
1746584463.112,41.9192,-12.6752
1746584463.122,41.8905,-12.6690
1746584463.132,41.8651,-12.6686
1746584463.142,41.8398,-12.6683
1746584463.152,41.8145,-12.6679
1746584463.162,41.7893,-12.6675
1746584463.172,41.7640,-12.6671
1746584463.182,41.7388,-12.6666
1746584463.192,41.7135,-12.6662
1746584463.202,41.6883,-12.6656
1746584463.212,41.6632,-12.6651
1746584463.222,41.6380,-12.6646
1746584463.232,41.6128,-12.6640
1746584463.242,41.5877,-12.6634
1746584463.252,41.5626,-12.6628
1746584463.262,41.5375,-12.6622
1746584463.272,41.5124,-12.6615
1746584463.282,41.4873,-12.6609
1746584463.292,41.4623,-12.6602
1746584463.302,41.4372,-12.6595
1746584463.312,41.4122,-12.6588
1746584463.322,41.3872,-12.6580
1746584463.332,41.3622,-12.6572
1746584463.342,41.3372,-12.6564
1746584463.352,41.3122,-12.6556
1746584463.362,41.2872,-12.6548
1746584463.372,41.2623,-12.6539
1746584463.382,41.2374,-12.6530
1746584463.392,41.2125,-12.6520
1746584463.402,41.1876,-12.6511
1746584463.412,41.1627,-12.6501
1746584463.422,41.1378,-12.6492
1746584463.432,41.1130,-12.6481
1746584463.442,41.0881,-12.6471
1746584463.452,41.0633,-12.6460
1746584463.462,41.0386,-12.6449
1746584463.472,41.0138,-12.6438
1746584463.482,40.9891,-12.6426
1746584463.492,40.9644,-12.6414
1746584463.502,40.9397,-12.6401
1746584463.512,40.9150,-12.6389
1746584463.522,40.8904,-12.6376
1746584463.532,40.8657,-12.6362
1746584463.542,40.8411,-12.6349
1746584463.552,40.8165,-12.6335
1746584463.562,40.7920,-12.6321
1746584463.572,40.7674,-12.6307
1746584463.582,40.7429,-12.6292
1746584463.592,40.7183,-12.6278
1746584463.602,40.6938,-12.6263
1746584463.612,40.6693,-12.6248
1746584463.623,40.6437,-12.6241
1746584463.632,40.6191,-12.6226
1746584463.642,40.5946,-12.6210
1746584463.652,40.5701,-12.6193
1746584463.662,40.5456,-12.6177
1746584463.672,40.5211,-12.6160
1746584463.682,40.4966,-12.6143
1746584463.692,40.4721,-12.6126
1746584463.702,40.4476,-12.6109
1746584463.712,40.4231,-12.6092
1746584463.722,40.3986,-12.6074
1746584463.732,40.3742,-12.6057
1746584463.742,40.3498,-12.6039
1746584463.752,40.3254,-12.6022
1746584463.762,40.3011,-12.6004
1746584463.772,40.2768,-12.5986
1746584463.782,40.2525,-12.5968
1746584463.792,40.2282,-12.5949
1746584463.802,40.2040,-12.5930
1746584463.812,40.1797,-12.5911
1746584463.822,40.1555,-12.5891
1746584463.832,40.1313,-12.5871
1746584463.842,40.1072,-12.5851
1746584463.852,40.0830,-12.5830
1746584463.862,40.0588,-12.5809
1746584463.872,40.0347,-12.5787
1746584463.882,40.0106,-12.5765
1746584463.892,39.9865,-12.5743
1746584463.902,39.9624,-12.5720
1746584463.912,39.9383,-12.5698
1746584463.922,39.9142,-12.5674
1746584463.932,39.8902,-12.5651
1746584463.942,39.8662,-12.5628
1746584463.952,39.8422,-12.5604
1746584463.962,39.8182,-12.5581
1746584463.972,39.7942,-12.5557
1746584463.983,39.7702,-12.5533
1746584463.993,39.7463,-12.5509
1746584464.002,39.7223,-12.5486
1746584464.012,39.6984,-12.5461
1746584464.023,39.6745,-12.5437
1746584464.032,39.6505,-12.5413
1746584464.042,39.6266,-12.5388
1746584464.052,39.6027,-12.5363
1746584464.062,39.5788,-12.5338
1746584464.072,39.5549,-12.5312
1746584464.082,39.5311,-12.5287
1746584464.092,39.5072,-12.5261
1746584464.102,39.4834,-12.5234
1746584464.113,39.4595,-12.5208
1746584464.123,39.4357,-12.5181
1746584464.132,39.4119,-12.5153
1746584464.142,39.3882,-12.5126
1746584464.153,39.3644,-12.5098
1746584464.162,39.3406,-12.5069
1746584464.172,39.3169,-12.5040
1746584464.182,39.2932,-12.5011
1746584464.193,39.2684,-12.4929
1746584464.202,39.2446,-12.4898
1746584464.213,39.2209,-12.4867
1746584464.223,39.1971,-12.4835
1746584464.232,39.1733,-12.4803
1746584464.243,39.1495,-12.4771
1746584464.252,39.1258,-12.4738
1746584464.262,39.1020,-12.4706
1746584464.272,39.0782,-12.4673
1746584464.282,39.0545,-12.4640
1746584464.292,39.0307,-12.4606
1746584464.303,39.0070,-12.4572
1746584464.313,38.9832,-12.4539
1746584464.322,38.9595,-12.4505
1746584464.332,38.9357,-12.4470
1746584464.342,38.9120,-12.4436
1746584464.352,38.8882,-12.4401
1746584464.362,38.8645,-12.4365
1746584464.372,38.8407,-12.4330
1746584464.382,38.8170,-12.4294
1746584464.392,38.7932,-12.4257
1746584464.402,38.7694,-12.4220
1746584464.412,38.7456,-12.4183
1746584464.422,38.7219,-12.4146
1746584464.432,38.6981,-12.4108
1746584464.442,38.6743,-12.4070
1746584464.452,38.6505,-12.4032
1746584464.462,38.6267,-12.3994
1746584464.472,38.6029,-12.3956
1746584464.483,38.5791,-12.3917
1746584464.492,38.5553,-12.3878
1746584464.502,38.5315,-12.3840
1746584464.512,38.5077,-12.3800
1746584464.523,38.4839,-12.3761
1746584464.532,38.4601,-12.3721
1746584464.542,38.4363,-12.3681
1746584464.552,38.4124,-12.3641
1746584464.562,38.3886,-12.3600
1746584464.572,38.3647,-12.3559
1746584464.582,38.3408,-12.3517
1746584464.592,38.3170,-12.3475
1746584464.603,38.2931,-12.3433
1746584464.612,38.2692,-12.3390
1746584464.622,38.2453,-12.3347
1746584464.632,38.2214,-12.3303
1746584464.642,38.1974,-12.3259
1746584464.653,38.1735,-12.3214
1746584464.662,38.1496,-12.3170
1746584464.673,38.1256,-12.3124
1746584464.682,38.1017,-12.3079
1746584464.693,38.0820,-12.2961
1746584464.702,38.0581,-12.2914
1746584464.712,38.0342,-12.2866
1746584464.722,38.0102,-12.2818
1746584464.732,37.9863,-12.2769
1746584464.742,37.9623,-12.2720
1746584464.752,37.9383,-12.2671
1746584464.762,37.9143,-12.2621
1746584464.772,37.8903,-12.2570
1746584464.782,37.8663,-12.2519
1746584464.792,37.8423,-12.2468
1746584464.802,37.8183,-12.2416
1746584464.812,37.7942,-12.2364
1746584464.822,37.7702,-12.2311
1746584464.832,37.7462,-12.2259
1746584464.842,37.7221,-12.2206
1746584464.852,37.6981,-12.2152
1746584464.862,37.6740,-12.2099
1746584464.872,37.6499,-12.2044
1746584464.882,37.6258,-12.1990
1746584464.892,37.6017,-12.1935
1746584464.902,37.5776,-12.1880
1746584464.912,37.5535,-12.1824
1746584464.922,37.5293,-12.1768
1746584464.932,37.5051,-12.1712
1746584464.942,37.4810,-12.1655
1746584464.952,37.4568,-12.1598
1746584464.962,37.4326,-12.1540
1746584464.972,37.4084,-12.1482
1746584464.982,37.3842,-12.1423
1746584464.992,37.3600,-12.1364
1746584465.002,37.3358,-12.1304
1746584465.012,37.3115,-12.1243
1746584465.022,37.2873,-12.1182
1746584465.032,37.2631,-12.1121
1746584465.042,37.2389,-12.1059
1746584465.052,37.2146,-12.0997
1746584465.062,37.1904,-12.0934
1746584465.072,37.1661,-12.0871
1746584465.082,37.1418,-12.0807
1746584465.092,37.1176,-12.0743
1746584465.102,37.0933,-12.0679
1746584465.112,37.0690,-12.0613
1746584465.122,37.0447,-12.0548
1746584465.132,37.0204,-12.0482
1746584465.142,36.9961,-12.0416
1746584465.152,36.9718,-12.0350
1746584465.163,36.9438,-12.0447
1746584465.172,36.9194,-12.0382
1746584465.182,36.8950,-12.0317
1746584465.193,36.8705,-12.0251
1746584465.202,36.8461,-12.0186
1746584465.213,36.8216,-12.0120
1746584465.223,36.7972,-12.0053
1746584465.233,36.7727,-11.9986
1746584465.242,36.7482,-11.9919
1746584465.252,36.7237,-11.9851
1746584465.262,36.6992,-11.9783
1746584465.272,36.6746,-11.9714
1746584465.282,36.6501,-11.9646
1746584465.292,36.6255,-11.9576
1746584465.302,36.6010,-11.9507
1746584465.312,36.5764,-11.9437
1746584465.322,36.5519,-11.9366
1746584465.332,36.5273,-11.9295
1746584465.342,36.5028,-11.9224
1746584465.352,36.4783,-11.9152
1746584465.362,36.4538,-11.9079
1746584465.372,36.4292,-11.9005
1746584465.382,36.4047,-11.8931
1746584465.392,36.3802,-11.8856
1746584465.402,36.3557,-11.8781
1746584465.412,36.3312,-11.8705
1746584465.422,36.3066,-11.8629
1746584465.432,36.2820,-11.8552
1746584465.442,36.2575,-11.8475
1746584465.452,36.2329,-11.8398
1746584465.462,36.2083,-11.8320
1746584465.472,36.1837,-11.8243
1746584465.483,36.1590,-11.8165
1746584465.492,36.1344,-11.8087
1746584465.502,36.1098,-11.8008
1746584465.512,36.0852,-11.7929
1746584465.522,36.0605,-11.7849
1746584465.532,36.0359,-11.7770
1746584465.542,36.0113,-11.7689
1746584465.552,35.9866,-11.7609
1746584465.562,35.9620,-11.7528
1746584465.572,35.9374,-11.7447
1746584465.582,35.9127,-11.7365
1746584465.592,35.8881,-11.7283
1746584465.602,35.8634,-11.7201
1746584465.612,35.8387,-11.7119
1746584465.622,35.8141,-11.7036
1746584465.632,35.7899,-11.6930
1746584465.642,35.7652,-11.6846
1746584465.652,35.7405,-11.6762
1746584465.662,35.7158,-11.6677
1746584465.672,35.6910,-11.6592
1746584465.682,35.6663,-11.6506
1746584465.692,35.6416,-11.6421
1746584465.702,35.6168,-11.6335
1746584465.712,35.5921,-11.6248
1746584465.722,35.5673,-11.6161
1746584465.732,35.5425,-11.6074
1746584465.742,35.5178,-11.5987
1746584465.752,35.4930,-11.5899
1746584465.762,35.4682,-11.5811
1746584465.772,35.4434,-11.5722
1746584465.782,35.4186,-11.5633
1746584465.792,35.3938,-11.5544
1746584465.802,35.3689,-11.5455
1746584465.812,35.3441,-11.5365
1746584465.822,35.3192,-11.5275
1746584465.832,35.2944,-11.5185
1746584465.842,35.2695,-11.5094
1746584465.852,35.2446,-11.5004
1746584465.862,35.2197,-11.4913
1746584465.872,35.1949,-11.4822
1746584465.882,35.1700,-11.4731
1746584465.892,35.1451,-11.4640
1746584465.902,35.1203,-11.4548
1746584465.912,35.0954,-11.4456
1746584465.922,35.0706,-11.4364
1746584465.932,35.0457,-11.4272
1746584465.942,35.0209,-11.4179
1746584465.952,34.9960,-11.4087
1746584465.962,34.9712,-11.3994
1746584465.972,34.9463,-11.3901
1746584465.982,34.9215,-11.3807
1746584465.992,34.8966,-11.3714
1746584466.002,34.8718,-11.3620
1746584466.012,34.8469,-11.3527
1746584466.022,34.8220,-11.3433
1746584466.032,34.7971,-11.3339
1746584466.042,34.7722,-11.3244
1746584466.052,34.7473,-11.3150
1746584466.061,34.7224,-11.3055
1746584466.072,34.6974,-11.2961
1746584466.082,34.6725,-11.2866
1746584466.092,34.6476,-11.2771
1746584466.102,34.6226,-11.2677
1746584466.112,34.5977,-11.2582
1746584466.122,34.5727,-11.2487
1746584466.132,34.5478,-11.2392
1746584466.142,34.5228,-11.2298
1746584466.152,34.4999,-11.2173
1746584466.162,34.4750,-11.2078
1746584466.172,34.4501,-11.1982
1746584466.182,34.4251,-11.1887
1746584466.192,34.4002,-11.1792
1746584466.202,34.3752,-11.1697
1746584466.212,34.3503,-11.1601
1746584466.222,34.3254,-11.1506
1746584466.232,34.3004,-11.1410
1746584466.242,34.2755,-11.1315
1746584466.252,34.2506,-11.1219
1746584466.262,34.2257,-11.1123
1746584466.272,34.2007,-11.1027
1746584466.282,34.1758,-11.0932
1746584466.292,34.1509,-11.0836
1746584466.302,34.1260,-11.0741
1746584466.312,34.1010,-11.0646
1746584466.322,34.0761,-11.0551
1746584466.332,34.0511,-11.0456
1746584466.341,34.0261,-11.0362
1746584466.352,34.0011,-11.0267
1746584466.362,33.9761,-11.0174
1746584466.372,33.9510,-11.0080
1746584466.382,33.9260,-10.9987
1746584466.392,33.9009,-10.9894
1746584466.402,33.8759,-10.9801
1746584466.411,33.8508,-10.9708
1746584466.421,33.8257,-10.9615
1746584466.431,33.8006,-10.9523
1746584466.442,33.7756,-10.9431
1746584466.452,33.7505,-10.9339
1746584466.462,33.7254,-10.9247
1746584466.472,33.7003,-10.9155
1746584466.482,33.6752,-10.9064
1746584466.492,33.6500,-10.8973
1746584466.502,33.6249,-10.8882
1746584466.511,33.5997,-10.8791
1746584466.522,33.5745,-10.8701
1746584466.532,33.5493,-10.8611
1746584466.542,33.5241,-10.8521
1746584466.552,33.4989,-10.8432
1746584466.562,33.4736,-10.8343
1746584466.572,33.4483,-10.8254
1746584466.582,33.4231,-10.8165
1746584466.591,33.3978,-10.8077
1746584466.601,33.3725,-10.7988
1746584466.612,33.3472,-10.7900
1746584466.622,33.3219,-10.7813
1746584466.632,33.2905,-10.7775
1746584466.642,33.2651,-10.7688
1746584466.652,33.2396,-10.7602
1746584466.662,33.2141,-10.7515
1746584466.672,33.1886,-10.7429
1746584466.682,33.1631,-10.7343
1746584466.691,33.1376,-10.7258
1746584466.702,33.1120,-10.7172
1746584466.712,33.0865,-10.7087
1746584466.722,33.0609,-10.7002
1746584466.732,33.0352,-10.6918
1746584466.742,33.0096,-10.6833
1746584466.752,32.9840,-10.6749
1746584466.762,32.9583,-10.6665
1746584466.771,32.9326,-10.6581
1746584466.782,32.9070,-10.6498
1746584466.792,32.8813,-10.6414
1746584466.802,32.8556,-10.6331
1746584466.812,32.8299,-10.6248
1746584466.822,32.8042,-10.6165
1746584466.832,32.7785,-10.6082
1746584466.842,32.7527,-10.6000
1746584466.852,32.7270,-10.5918
1746584466.862,32.7012,-10.5835
1746584466.871,32.6754,-10.5753
1746584466.881,32.6496,-10.5671
1746584466.892,32.6237,-10.5589
1746584466.902,32.5979,-10.5508
1746584466.912,32.5720,-10.5426
1746584466.922,32.5460,-10.5345
1746584466.932,32.5201,-10.5264
1746584466.941,32.4941,-10.5184
1746584466.951,32.4682,-10.5104
1746584466.961,32.4422,-10.5024
1746584466.971,32.4162,-10.4945
1746584466.982,32.3901,-10.4866
1746584466.992,32.3641,-10.4787
1746584467.002,32.3380,-10.4708
1746584467.012,32.3119,-10.4629
1746584467.022,32.2858,-10.4551
1746584467.032,32.2597,-10.4473
1746584467.042,32.2335,-10.4395
1746584467.052,32.2073,-10.4317
1746584467.062,32.1811,-10.4239
1746584467.072,32.1549,-10.4161
1746584467.082,32.1286,-10.4084
1746584467.092,32.1023,-10.4007
1746584467.102,32.0761,-10.3930
1746584467.112,32.0497,-10.3854
1746584467.122,32.0234,-10.3778
1746584467.132,31.9971,-10.3702
1746584467.142,31.9707,-10.3627
1746584467.153,31.9449,-10.3467
1746584467.162,31.9185,-10.3392
1746584467.172,31.8921,-10.3317
1746584467.182,31.8657,-10.3242
1746584467.192,31.8392,-10.3168
1746584467.202,31.8127,-10.3094
1746584467.212,31.7861,-10.3020
1746584467.222,31.7595,-10.2947
1746584467.232,31.7329,-10.2874
1746584467.242,31.7063,-10.2802
1746584467.252,31.6796,-10.2729
1746584467.262,31.6530,-10.2657
1746584467.272,31.6263,-10.2585
1746584467.283,31.5996,-10.2514
1746584467.292,31.5728,-10.2443
1746584467.302,31.5461,-10.2372
1746584467.312,31.5193,-10.2301
1746584467.322,31.4926,-10.2231
1746584467.332,31.4658,-10.2161
1746584467.342,31.4390,-10.2091
1746584467.352,31.4122,-10.2022
1746584467.362,31.3853,-10.1953
1746584467.372,31.3584,-10.1884
1746584467.382,31.3315,-10.1816
1746584467.392,31.3046,-10.1748
1746584467.402,31.2776,-10.1680
1746584467.412,31.2506,-10.1613
1746584467.422,31.2236,-10.1546
1746584467.432,31.1965,-10.1479
1746584467.442,31.1694,-10.1413
1746584467.452,31.1423,-10.1347
1746584467.462,31.1152,-10.1282
1746584467.472,31.0880,-10.1217
1746584467.482,31.0609,-10.1152
1746584467.492,31.0337,-10.1088
1746584467.502,31.0065,-10.1024
1746584467.512,30.9793,-10.0960
1746584467.522,30.9520,-10.0897
1746584467.532,30.9248,-10.0835
1746584467.542,30.8975,-10.0772
1746584467.552,30.8702,-10.0710
1746584467.562,30.8429,-10.0649
1746584467.572,30.8156,-10.0588
1746584467.582,30.7882,-10.0527
1746584467.592,30.7608,-10.0466
1746584467.602,30.7334,-10.0405
1746584467.612,30.7060,-10.0345
1746584467.622,30.6786,-10.0286
1746584467.632,30.6511,-10.0226
1746584467.642,30.6236,-10.0167
1746584467.652,30.5961,-10.0108
1746584467.663,30.5685,-10.0050
1746584467.673,30.5354,-10.0011
1746584467.682,30.5077,-9.9953
1746584467.692,30.4800,-9.9897
1746584467.702,30.4523,-9.9840
1746584467.712,30.4245,-9.9784
1746584467.722,30.3968,-9.9728
1746584467.732,30.3690,-9.9673
1746584467.742,30.3411,-9.9618
1746584467.752,30.3133,-9.9563
1746584467.762,30.2854,-9.9508
1746584467.772,30.2576,-9.9454
1746584467.782,30.2297,-9.9400
1746584467.792,30.2017,-9.9347
1746584467.802,30.1738,-9.9294
1746584467.812,30.1458,-9.9242
1746584467.822,30.1178,-9.9190
1746584467.832,30.0898,-9.9139
1746584467.842,30.0618,-9.9089
1746584467.852,30.0337,-9.9039
1746584467.862,30.0057,-9.8990
1746584467.871,29.9776,-9.8941
1746584467.882,29.9495,-9.8892
1746584467.892,29.9214,-9.8844
1746584467.903,29.8932,-9.8796
1746584467.912,29.8650,-9.8748
1746584467.922,29.8368,-9.8700
1746584467.932,29.8086,-9.8652
1746584467.942,29.7804,-9.8604
1746584467.952,29.7521,-9.8557
1746584467.962,29.7238,-9.8509
1746584467.972,29.6955,-9.8462
1746584467.982,29.6671,-9.8415
1746584467.992,29.6388,-9.8369
1746584468.002,29.6104,-9.8322
1746584468.012,29.5820,-9.8276
1746584468.022,29.5535,-9.8231
1746584468.032,29.5251,-9.8185
1746584468.042,29.4966,-9.8140
1746584468.052,29.4681,-9.8095
1746584468.062,29.4396,-9.8051
1746584468.072,29.4111,-9.8007
1746584468.083,29.3826,-9.7963
1746584468.092,29.3540,-9.7920
1746584468.102,29.3254,-9.7877
1746584468.112,29.2968,-9.7834
1746584468.122,29.2682,-9.7792
1746584468.132,29.2396,-9.7750
1746584468.142,29.2109,-9.7709
1746584468.152,29.1823,-9.7668
1746584468.162,29.1536,-9.7627
1746584468.172,29.1249,-9.7587
1746584468.182,29.0961,-9.7547
1746584468.192,29.0674,-9.7508
1746584468.202,29.0386,-9.7469
1746584468.212,29.0077,-9.7462
1746584468.222,28.9789,-9.7425
1746584468.232,28.9500,-9.7387
1746584468.242,28.9211,-9.7351
1746584468.252,28.8922,-9.7314
1746584468.262,28.8632,-9.7278
1746584468.272,28.8342,-9.7242
1746584468.282,28.8052,-9.7207
1746584468.292,28.7762,-9.7172
1746584468.302,28.7471,-9.7137
1746584468.312,28.7180,-9.7103
1746584468.322,28.6889,-9.7068
1746584468.332,28.6598,-9.7034
1746584468.342,28.6307,-9.7000
1746584468.352,28.6016,-9.6967
1746584468.362,28.5724,-9.6933
1746584468.372,28.5432,-9.6900
1746584468.381,28.5141,-9.6867
1746584468.392,28.4849,-9.6834
1746584468.402,28.4557,-9.6802
1746584468.411,28.4264,-9.6770
1746584468.422,28.3972,-9.6739
1746584468.432,28.3679,-9.6708
1746584468.442,28.3387,-9.6677
1746584468.452,28.3093,-9.6647
1746584468.461,28.2800,-9.6618
1746584468.472,28.2506,-9.6589
1746584468.482,28.2213,-9.6560
1746584468.492,28.1918,-9.6532
1746584468.502,28.1624,-9.6505
1746584468.511,28.1329,-9.6478
1746584468.522,28.1034,-9.6451
1746584468.531,28.0739,-9.6424
1746584468.541,28.0444,-9.6398
1746584468.552,28.0148,-9.6372
1746584468.562,27.9852,-9.6346
1746584468.572,27.9556,-9.6320
1746584468.582,27.9260,-9.6294
1746584468.592,27.8964,-9.6269
1746584468.602,27.8667,-9.6243
1746584468.611,27.8370,-9.6218
1746584468.621,27.8073,-9.6194
1746584468.631,27.7776,-9.6169
1746584468.642,27.7499,-9.6172
1746584468.652,27.7201,-9.6148
1746584468.662,27.6904,-9.6125
1746584468.671,27.6606,-9.6102
1746584468.681,27.6308,-9.6080
1746584468.691,27.6010,-9.6058
1746584468.701,27.5711,-9.6036
1746584468.711,27.5413,-9.6014
1746584468.721,27.5114,-9.5993
1746584468.731,27.4815,-9.5971
1746584468.741,27.4516,-9.5950
1746584468.752,27.4217,-9.5930
1746584468.761,27.3917,-9.5909
1746584468.771,27.3618,-9.5889
1746584468.781,27.3318,-9.5869
1746584468.791,27.3018,-9.5850
1746584468.801,27.2717,-9.5831
1746584468.811,27.2417,-9.5812
1746584468.821,27.2116,-9.5793
1746584468.831,27.1815,-9.5774
1746584468.842,27.1514,-9.5756
1746584468.852,27.1213,-9.5737
1746584468.861,27.0912,-9.5720
1746584468.871,27.0610,-9.5702
1746584468.881,27.0308,-9.5685
1746584468.891,27.0006,-9.5668
1746584468.901,26.9704,-9.5651
1746584468.911,26.9402,-9.5635
1746584468.921,26.9099,-9.5620
1746584468.932,26.8796,-9.5604
1746584468.941,26.8493,-9.5589
1746584468.951,26.8190,-9.5575
1746584468.961,26.7887,-9.5561
1746584468.971,26.7583,-9.5547
1746584468.981,26.7280,-9.5533
1746584468.991,26.6976,-9.5520
1746584469.001,26.6672,-9.5507
1746584469.012,26.6368,-9.5494
1746584469.022,26.6064,-9.5482
1746584469.031,26.5759,-9.5470
1746584469.041,26.5454,-9.5458
1746584469.051,26.5150,-9.5446
1746584469.061,26.4845,-9.5435
1746584469.071,26.4540,-9.5424
1746584469.081,26.4234,-9.5413
1746584469.091,26.3929,-9.5402
1746584469.102,26.3623,-9.5392
1746584469.112,26.3318,-9.5381
1746584469.122,26.3013,-9.5335
1746584469.131,26.2707,-9.5325
1746584469.141,26.2401,-9.5315
1746584469.151,26.2095,-9.5305
1746584469.161,26.1789,-9.5296
1746584469.171,26.1482,-9.5287
1746584469.181,26.1175,-9.5278
1746584469.192,26.0868,-9.5270
1746584469.202,26.0561,-9.5262
1746584469.211,26.0254,-9.5255
1746584469.221,25.9946,-9.5248
1746584469.231,25.9639,-9.5241
1746584469.241,25.9331,-9.5234
1746584469.251,25.9023,-9.5227
1746584469.261,25.8714,-9.5221
1746584469.271,25.8406,-9.5215
1746584469.281,25.8097,-9.5209
1746584469.292,25.7788,-9.5203
1746584469.302,25.7479,-9.5198
1746584469.311,25.7170,-9.5193
1746584469.321,25.6861,-9.5188
1746584469.331,25.6552,-9.5184
1746584469.341,25.6242,-9.5180
1746584469.351,25.5933,-9.5175
1746584469.361,25.5623,-9.5171
1746584469.371,25.5313,-9.5168
1746584469.381,25.5004,-9.5164
1746584469.391,25.4694,-9.5160
1746584469.402,25.4384,-9.5156
1746584469.411,25.4074,-9.5153
1746584469.421,25.3765,-9.5149
1746584469.431,25.3455,-9.5146
1746584469.441,25.3145,-9.5143
1746584469.451,25.2836,-9.5140
1746584469.461,25.2526,-9.5138
1746584469.472,25.2216,-9.5136
1746584469.482,25.1907,-9.5134
1746584469.491,25.1597,-9.5133
1746584469.501,25.1287,-9.5132
1746584469.511,25.0977,-9.5132
1746584469.521,25.0667,-9.5131
1746584469.531,25.0357,-9.5132
1746584469.541,25.0047,-9.5132
1746584469.551,24.9737,-9.5132
1746584469.562,24.9427,-9.5132
1746584469.571,24.9117,-9.5133
1746584469.581,24.8807,-9.5133
1746584469.591,24.8497,-9.5134
1746584469.601,24.8187,-9.5134
1746584469.611,24.7877,-9.5135
1746584469.621,24.7569,-9.5166
1746584469.631,24.7259,-9.5168
1746584469.641,24.6949,-9.5170
1746584469.651,24.6639,-9.5173
1746584469.661,24.6330,-9.5175
1746584469.671,24.6020,-9.5178
1746584469.681,24.5710,-9.5182
1746584469.691,24.5400,-9.5185
1746584469.701,24.5090,-9.5188
1746584469.711,24.4780,-9.5192
1746584469.722,24.4470,-9.5195
1746584469.731,24.4160,-9.5199
1746584469.742,24.3850,-9.5202
1746584469.751,24.3540,-9.5205
1746584469.761,24.3230,-9.5209
1746584469.771,24.2919,-9.5212
1746584469.781,24.2609,-9.5216
1746584469.791,24.2299,-9.5219
1746584469.801,24.1989,-9.5223
1746584469.812,24.1679,-9.5226
1746584469.822,24.1369,-9.5229
1746584469.832,24.1059,-9.5232
1746584469.841,24.0750,-9.5235
1746584469.851,24.0441,-9.5238
1746584469.861,24.0131,-9.5241
1746584469.871,23.9822,-9.5244
1746584469.881,23.9513,-9.5247
1746584469.891,23.9204,-9.5251
1746584469.901,23.8896,-9.5254
1746584469.912,23.8587,-9.5258
1746584469.921,23.8278,-9.5262
1746584469.931,23.7970,-9.5266
1746584469.941,23.7661,-9.5270
1746584469.951,23.7352,-9.5275
1746584469.961,23.7043,-9.5279
1746584469.971,23.6735,-9.5283
1746584469.981,23.6426,-9.5288
1746584469.991,23.6118,-9.5292
1746584470.001,23.5809,-9.5297
1746584470.011,23.5501,-9.5301
1746584470.022,23.5193,-9.5306
1746584470.032,23.4885,-9.5310
1746584470.042,23.4577,-9.5315
1746584470.051,23.4269,-9.5320
1746584470.061,23.3962,-9.5324
1746584470.072,23.3655,-9.5329
1746584470.082,23.3348,-9.5335
1746584470.091,23.3041,-9.5340
1746584470.101,23.2734,-9.5345
1746584470.112,23.2427,-9.5351
1746584470.122,23.2121,-9.5356
1746584470.132,23.1815,-9.5361
1746584470.141,23.1508,-9.5367
1746584470.152,23.1202,-9.5372
1746584470.162,23.0897,-9.5377
1746584470.172,23.0591,-9.5383
1746584470.181,23.0286,-9.5388
1746584470.194,22.9962,-9.5310
1746584470.202,22.9657,-9.5314
1746584470.212,22.9352,-9.5318
1746584470.222,22.9048,-9.5323
1746584470.232,22.8743,-9.5328
1746584470.242,22.8439,-9.5332
1746584470.252,22.8135,-9.5337
1746584470.262,22.7832,-9.5343
1746584470.271,22.7529,-9.5348
1746584470.281,22.7226,-9.5353
1746584470.292,22.6923,-9.5359
1746584470.302,22.6620,-9.5364
1746584470.312,22.6318,-9.5370
1746584470.321,22.6016,-9.5376
1746584470.332,22.5714,-9.5381
1746584470.342,22.5412,-9.5387
1746584470.352,22.5111,-9.5393
1746584470.361,22.4809,-9.5398
1746584470.372,22.4508,-9.5403
1746584470.382,22.4206,-9.5409
1746584470.391,22.3905,-9.5414
1746584470.402,22.3604,-9.5419
1746584470.412,22.3302,-9.5424
1746584470.422,22.3001,-9.5429
1746584470.432,22.2700,-9.5433
1746584470.442,22.2400,-9.5438
1746584470.451,22.2099,-9.5443
1746584470.462,22.1799,-9.5448
1746584470.472,22.1499,-9.5452
1746584470.482,22.1199,-9.5457
1746584470.492,22.0900,-9.5462
1746584470.501,22.0601,-9.5466
1746584470.511,22.0302,-9.5471
1746584470.522,22.0004,-9.5475
1746584470.532,21.9707,-9.5479
1746584470.541,21.9409,-9.5482
1746584470.551,21.9112,-9.5486
1746584470.562,21.8815,-9.5490
1746584470.571,21.8518,-9.5494
1746584470.582,21.8222,-9.5498
1746584470.591,21.7925,-9.5501
1746584470.601,21.7629,-9.5505
1746584470.612,21.7333,-9.5510
1746584470.622,21.7037,-9.5514
1746584470.632,21.6741,-9.5518
1746584470.641,21.6446,-9.5523
1746584470.652,21.6151,-9.5528
1746584470.662,21.5855,-9.5532
1746584470.678,21.5531,-9.5586
1746584470.682,21.5236,-9.5591
1746584470.692,21.4941,-9.5596
1746584470.702,21.4647,-9.5602
1746584470.712,21.4352,-9.5607
1746584470.721,21.4058,-9.5612
1746584470.731,21.3764,-9.5617
1746584470.742,21.3471,-9.5623
1746584470.752,21.3177,-9.5628
1746584470.762,21.2884,-9.5633
1746584470.772,21.2591,-9.5639
1746584470.782,21.2298,-9.5644
1746584470.792,21.2006,-9.5649
1746584470.802,21.1713,-9.5655
1746584470.811,21.1421,-9.5661
1746584470.822,21.1129,-9.5666
1746584470.832,21.0837,-9.5672
1746584470.842,21.0546,-9.5678
1746584470.851,21.0254,-9.5683
1746584470.862,20.9963,-9.5689
1746584470.871,20.9671,-9.5694
1746584470.881,20.9380,-9.5700
1746584470.892,20.9089,-9.5705
1746584470.901,20.8798,-9.5711
1746584470.911,20.8507,-9.5716
1746584470.921,20.8217,-9.5722
1746584470.932,20.7926,-9.5727
1746584470.941,20.7636,-9.5733
1746584470.951,20.7346,-9.5738
1746584470.961,20.7056,-9.5744
1746584470.972,20.6766,-9.5749
1746584470.982,20.6477,-9.5754
1746584470.992,20.6188,-9.5759
1746584471.001,20.5899,-9.5764
1746584471.011,20.5610,-9.5769
1746584471.021,20.5322,-9.5774
1746584471.032,20.5034,-9.5779
1746584471.041,20.4746,-9.5784
1746584471.051,20.4459,-9.5789
1746584471.062,20.4172,-9.5794
1746584471.071,20.3885,-9.5799
1746584471.082,20.3598,-9.5804
1746584471.091,20.3311,-9.5810
1746584471.101,20.3025,-9.5815
1746584471.112,20.2739,-9.5820
1746584471.122,20.2453,-9.5826
1746584471.131,20.2167,-9.5831
1746584471.141,20.1882,-9.5836
1746584471.151,20.1597,-9.5841
1746584471.162,20.1345,-9.5843
1746584471.172,20.1061,-9.5848
1746584471.182,20.0778,-9.5853
1746584471.191,20.0494,-9.5858
1746584471.202,20.0211,-9.5862
1746584471.212,19.9928,-9.5867
1746584471.221,19.9645,-9.5872
1746584471.232,19.9363,-9.5876
1746584471.242,19.9080,-9.5881
1746584471.252,19.8798,-9.5886
1746584471.262,19.8516,-9.5890
1746584471.272,19.8234,-9.5895
1746584471.281,19.7953,-9.5900
1746584471.291,19.7671,-9.5905
1746584471.302,19.7390,-9.5910
1746584471.312,19.7109,-9.5916
1746584471.322,19.6828,-9.5921
1746584471.331,19.6548,-9.5926
1746584471.342,19.6268,-9.5931
1746584471.352,19.5988,-9.5936
1746584471.361,19.5708,-9.5941
1746584471.371,19.5428,-9.5946
1746584471.381,19.5149,-9.5951
1746584471.391,19.4870,-9.5956
1746584471.401,19.4591,-9.5961
1746584471.411,19.4312,-9.5966
1746584471.422,19.4033,-9.5971
1746584471.432,19.3755,-9.5976
1746584471.441,19.3477,-9.5981
1746584471.451,19.3199,-9.5987
1746584471.461,19.2921,-9.5992
1746584471.472,19.2644,-9.5997
1746584471.482,19.2367,-9.6002
1746584471.491,19.2090,-9.6007
1746584471.501,19.1814,-9.6012
1746584471.511,19.1538,-9.6017
1746584471.521,19.1261,-9.6022
1746584471.531,19.0986,-9.6027
1746584471.541,19.0710,-9.6032
1746584471.551,19.0435,-9.6037
1746584471.561,19.0159,-9.6042
1746584471.571,18.9884,-9.6047
1746584471.581,18.9609,-9.6053
1746584471.591,18.9335,-9.6058
1746584471.601,18.9060,-9.6063
1746584471.611,18.8786,-9.6068
1746584471.622,18.8511,-9.6073
1746584471.632,18.8237,-9.6078
1746584471.641,18.7964,-9.6083
1746584471.652,18.7690,-9.6088
1746584471.661,18.7417,-9.6093
1746584471.672,18.7142,-9.6040
1746584471.681,18.6869,-9.6044
1746584471.691,18.6596,-9.6048
1746584471.701,18.6324,-9.6052
1746584471.711,18.6052,-9.6056
1746584471.721,18.5780,-9.6060
1746584471.731,18.5509,-9.6063
1746584471.741,18.5237,-9.6067
1746584471.752,18.4967,-9.6071
1746584471.761,18.4696,-9.6074
1746584471.771,18.4426,-9.6077
1746584471.781,18.4155,-9.6081
1746584471.791,18.3885,-9.6083
1746584471.801,18.3615,-9.6086
1746584471.811,18.3346,-9.6089
1746584471.821,18.3076,-9.6092
1746584471.831,18.2807,-9.6095
1746584471.841,18.2538,-9.6098
1746584471.851,18.2269,-9.6100
1746584471.861,18.2000,-9.6103
1746584471.871,18.1732,-9.6106
1746584471.881,18.1464,-9.6108
1746584471.891,18.1196,-9.6111
1746584471.901,18.0928,-9.6114
1746584471.911,18.0661,-9.6117
1746584471.921,18.0393,-9.6119
1746584471.931,18.0126,-9.6122
1746584471.941,17.9859,-9.6125
1746584471.951,17.9593,-9.6128
1746584471.961,17.9326,-9.6131
1746584471.971,17.9060,-9.6134
1746584471.981,17.8794,-9.6137
1746584471.991,17.8528,-9.6140
1746584472.001,17.8262,-9.6144
1746584472.011,17.7997,-9.6147
1746584472.021,17.7732,-9.6150
1746584472.031,17.7467,-9.6154
1746584472.041,17.7202,-9.6157
1746584472.051,17.6937,-9.6160
1746584472.061,17.6673,-9.6164
1746584472.071,17.6409,-9.6167
1746584472.081,17.6145,-9.6170
1746584472.091,17.5881,-9.6174
1746584472.101,17.5617,-9.6177
1746584472.111,17.5354,-9.6181
1746584472.122,17.5059,-9.6198
1746584472.131,17.4795,-9.6201
1746584472.141,17.4532,-9.6205
1746584472.151,17.4269,-9.6208
1746584472.161,17.4006,-9.6211
1746584472.171,17.3744,-9.6215
1746584472.181,17.3481,-9.6218
1746584472.191,17.3219,-9.6221
1746584472.201,17.2957,-9.6224
1746584472.211,17.2695,-9.6227
1746584472.221,17.2433,-9.6230
1746584472.231,17.2171,-9.6233
1746584472.241,17.1910,-9.6236
1746584472.251,17.1649,-9.6239
1746584472.261,17.1388,-9.6242
1746584472.271,17.1127,-9.6245
1746584472.281,17.0867,-9.6247
1746584472.291,17.0606,-9.6250
1746584472.301,17.0346,-9.6252
1746584472.311,17.0085,-9.6254
1746584472.321,16.9824,-9.6257
1746584472.331,16.9564,-9.6259
1746584472.341,16.9303,-9.6261
1746584472.351,16.9041,-9.6263
1746584472.361,16.8780,-9.6265
1746584472.371,16.8519,-9.6267
1746584472.381,16.8258,-9.6269
1746584472.391,16.7997,-9.6272
1746584472.401,16.7737,-9.6274
1746584472.411,16.7476,-9.6276
1746584472.421,16.7216,-9.6278
1746584472.431,16.6957,-9.6280
1746584472.441,16.6697,-9.6281
1746584472.451,16.6438,-9.6283
1746584472.461,16.6180,-9.6285
1746584472.471,16.5921,-9.6287
1746584472.481,16.5663,-9.6289
1746584472.491,16.5404,-9.6291
1746584472.501,16.5146,-9.6293
1746584472.511,16.4888,-9.6295
1746584472.521,16.4630,-9.6297
1746584472.531,16.4372,-9.6299
1746584472.541,16.4115,-9.6302
1746584472.551,16.3857,-9.6304
1746584472.561,16.3599,-9.6306
1746584472.571,16.3340,-9.6309
1746584472.581,16.3082,-9.6311
1746584472.591,16.2823,-9.6313
1746584472.601,16.2564,-9.6316
1746584472.611,16.2290,-9.6360
1746584472.621,16.2031,-9.6363
1746584472.631,16.1771,-9.6365
1746584472.641,16.1512,-9.6368
1746584472.651,16.1253,-9.6371
1746584472.661,16.0995,-9.6373
1746584472.671,16.0736,-9.6376
1746584472.681,16.0478,-9.6378
1746584472.691,16.0221,-9.6381
1746584472.701,15.9964,-9.6383
1746584472.711,15.9707,-9.6386
1746584472.721,15.9450,-9.6388
1746584472.731,15.9193,-9.6390
1746584472.741,15.8937,-9.6393
1746584472.752,15.8680,-9.6395
1746584472.761,15.8423,-9.6397
1746584472.771,15.8166,-9.6399
1746584472.781,15.7908,-9.6402
1746584472.791,15.7651,-9.6404
1746584472.801,15.7393,-9.6406
1746584472.811,15.7135,-9.6408
1746584472.821,15.6876,-9.6410
1746584472.831,15.6618,-9.6412
1746584472.841,15.6360,-9.6414
1746584472.851,15.6101,-9.6416
1746584472.861,15.5843,-9.6418
1746584472.871,15.5585,-9.6420
1746584472.881,15.5328,-9.6422
1746584472.892,15.5070,-9.6424
1746584472.901,15.4813,-9.6426
1746584472.911,15.4556,-9.6428
1746584472.921,15.4299,-9.6430
1746584472.931,15.4042,-9.6432
1746584472.941,15.3785,-9.6434
1746584472.951,15.3528,-9.6436
1746584472.961,15.3270,-9.6437
1746584472.971,15.3013,-9.6439
1746584472.981,15.2755,-9.6440
1746584472.991,15.2497,-9.6442
1746584473.001,15.2239,-9.6444
1746584473.011,15.1981,-9.6445
1746584473.021,15.1723,-9.6447
1746584473.031,15.1465,-9.6449
1746584473.041,15.1207,-9.6450
1746584473.051,15.0949,-9.6452
1746584473.061,15.0692,-9.6454
1746584473.071,15.0434,-9.6456
1746584473.081,15.0177,-9.6458
1746584473.091,14.9920,-9.6459
1746584473.101,14.9663,-9.6461
1746584473.111,14.9406,-9.6463
1746584473.121,14.9149,-9.6464
1746584473.131,14.8892,-9.6449
1746584473.141,14.8634,-9.6450
1746584473.151,14.8377,-9.6451
1746584473.161,14.8119,-9.6452
1746584473.171,14.7861,-9.6453
1746584473.181,14.7603,-9.6454
1746584473.191,14.7345,-9.6455
1746584473.201,14.7087,-9.6455
1746584473.211,14.6829,-9.6456
1746584473.221,14.6571,-9.6457
1746584473.231,14.6313,-9.6457
1746584473.241,14.6055,-9.6458
1746584473.251,14.5797,-9.6459
1746584473.261,14.5540,-9.6460
1746584473.271,14.5283,-9.6461
1746584473.281,14.5026,-9.6462
1746584473.291,14.4769,-9.6463
1746584473.301,14.4513,-9.6463
1746584473.311,14.4256,-9.6464
1746584473.321,14.4000,-9.6465
1746584473.331,14.3744,-9.6466
1746584473.341,14.3488,-9.6466
1746584473.351,14.3232,-9.6467
1746584473.361,14.2976,-9.6468
1746584473.371,14.2720,-9.6468
1746584473.381,14.2464,-9.6469
1746584473.391,14.2207,-9.6470
1746584473.401,14.1951,-9.6470
1746584473.411,14.1695,-9.6471
1746584473.421,14.1439,-9.6471
1746584473.431,14.1184,-9.6471
1746584473.441,14.0928,-9.6471
1746584473.451,14.0673,-9.6472
1746584473.461,14.0418,-9.6472
1746584473.471,14.0163,-9.6472
1746584473.481,13.9908,-9.6473
1746584473.491,13.9654,-9.6473
1746584473.501,13.9400,-9.6473
1746584473.511,13.9146,-9.6474
1746584473.521,13.8893,-9.6475
1746584473.531,13.8639,-9.6475
1746584473.541,13.8386,-9.6476
1746584473.551,13.8132,-9.6477
1746584473.561,13.7879,-9.6477
1746584473.571,13.7626,-9.6478
1746584473.581,13.7373,-9.6478
1746584473.591,13.7120,-9.6478
1746584473.601,13.6866,-9.6479
1746584473.611,13.6613,-9.6479
1746584473.621,13.6360,-9.6479
1746584473.632,13.6144,-9.6504
1746584473.641,13.5891,-9.6504
1746584473.651,13.5639,-9.6504
1746584473.661,13.5387,-9.6504
1746584473.671,13.5136,-9.6505
1746584473.681,13.4884,-9.6504
1746584473.691,13.4633,-9.6504
1746584473.701,13.4382,-9.6504
1746584473.711,13.4131,-9.6504
1746584473.722,13.3880,-9.6504
1746584473.731,13.3629,-9.6504
1746584473.741,13.3379,-9.6503
1746584473.751,13.3128,-9.6503
1746584473.761,13.2877,-9.6502
1746584473.771,13.2627,-9.6502
1746584473.781,13.2377,-9.6501
1746584473.791,13.2126,-9.6501
1746584473.801,13.1876,-9.6500
1746584473.811,13.1626,-9.6499
1746584473.821,13.1376,-9.6499
1746584473.831,13.1126,-9.6498
1746584473.841,13.0876,-9.6497
1746584473.851,13.0626,-9.6497
1746584473.861,13.0377,-9.6496
1746584473.871,13.0128,-9.6496
1746584473.881,12.9879,-9.6496
1746584473.891,12.9630,-9.6495
1746584473.901,12.9381,-9.6495
1746584473.911,12.9133,-9.6495
1746584473.921,12.8885,-9.6494
1746584473.931,12.8637,-9.6494
1746584473.941,12.8389,-9.6494
1746584473.951,12.8141,-9.6494
1746584473.961,12.7893,-9.6493
1746584473.971,12.7645,-9.6493
1746584473.981,12.7398,-9.6492
1746584473.991,12.7151,-9.6492
1746584474.001,12.6903,-9.6491
1746584474.011,12.6656,-9.6491
1746584474.021,12.6409,-9.6490
1746584474.031,12.6162,-9.6490
1746584474.041,12.5916,-9.6490
1746584474.051,12.5669,-9.6489
1746584474.061,12.5423,-9.6489
1746584474.071,12.5177,-9.6489
1746584474.081,12.4931,-9.6489
1746584474.091,12.4685,-9.6489
1746584474.101,12.4439,-9.6488
1746584474.111,12.4193,-9.6488
1746584474.121,12.3948,-9.6488
1746584474.132,12.3703,-9.6488
1746584474.141,12.3458,-9.6488
1746584474.151,12.3213,-9.6487
1746584474.161,12.2968,-9.6487
1746584474.171,12.2723,-9.6487
1746584474.181,12.2478,-9.6486
1746584474.191,12.2233,-9.6486
1746584474.202,12.1989,-9.6485
1746584474.212,12.1698,-9.6502
1746584474.222,12.1454,-9.6502
1746584474.231,12.1209,-9.6502
1746584474.241,12.0965,-9.6501
1746584474.251,12.0720,-9.6501
1746584474.261,12.0476,-9.6501
1746584474.272,12.0233,-9.6500
1746584474.282,11.9989,-9.6500
1746584474.291,11.9746,-9.6500
1746584474.301,11.9502,-9.6500
1746584474.311,11.9260,-9.6499
1746584474.321,11.9017,-9.6499
1746584474.331,11.8774,-9.6499
1746584474.341,11.8532,-9.6499
1746584474.351,11.8290,-9.6499
1746584474.361,11.8048,-9.6498
1746584474.371,11.7807,-9.6498
1746584474.381,11.7565,-9.6497
1746584474.391,11.7324,-9.6497
1746584474.401,11.7083,-9.6496
1746584474.411,11.6842,-9.6495
1746584474.421,11.6601,-9.6495
1746584474.431,11.6360,-9.6495
1746584474.441,11.6120,-9.6494
1746584474.451,11.5879,-9.6494
1746584474.461,11.5639,-9.6494
1746584474.471,11.5399,-9.6494
1746584474.481,11.5159,-9.6494
1746584474.491,11.4919,-9.6494
1746584474.501,11.4680,-9.6494
1746584474.511,11.4440,-9.6494
1746584474.521,11.4201,-9.6493
1746584474.531,11.3962,-9.6493
1746584474.541,11.3724,-9.6493
1746584474.551,11.3485,-9.6492
1746584474.561,11.3247,-9.6491
1746584474.571,11.3009,-9.6490
1746584474.581,11.2771,-9.6489
1746584474.591,11.2533,-9.6488
1746584474.601,11.2296,-9.6487
1746584474.611,11.2058,-9.6486
